"Manuscript H-ID","Manuscript Record Title","Holding Institution H-ID","Holding Institution Record Title","Holding Institution Record Title","Call number","IIIF Manifest Link(s)"
15391,"Tübingen, Universitätsbibliothek, Ms. Md 456",24125,"Tübingen, Universitätsbibliothek","Tübingen, Universitätsbibliothek","Ms. Md 456",https://opendigi.ub.uni-tuebingen.de/opendigi/Md456/manifest
15394,"Überlingen, Leopold-Sophien-Bibliothek, Ms. 22",87,"Überlingen, Leopold-Sophien-Bibliothek","Überlingen, Leopold-Sophien-Bibliothek","Ms. 22",https://www.e-codices.unifr.ch/metadata/iiif/lsb-Ms0022/manifest.json
15415,"Bloomington, Indiana University, Ricketts 198",117,"Bloomington, Indiana University","Bloomington, Indiana University","Ricketts 198",https://iiif.archivelab.org/iiif/images_Ricketts198_40/manifest.json
15418,"Uppsala, Universitetsbibliotek, C 12",90,"Uppsala, Universitetsbibliotek","Uppsala, Universitetsbibliotek","C 12",https://www.manuscripta.se/iiif/100406/manifest.json
15423,"Utrecht, Bibliotheek der Rijksuniversiteit, 1025",91,"Utrecht, Bibliotheek der Rijksuniversiteit","Utrecht, Bibliotheek der Rijksuniversiteit",1025,https://objects.library.uu.nl/manifest/iiif/v3/1874-325712
15424,"Utrecht, Bibliotheek der Rijksuniversiteit, Ms. 1027",91,"Utrecht, Bibliotheek der Rijksuniversiteit","Utrecht, Bibliotheek der Rijksuniversiteit","Ms. 1027",https://objects.library.uu.nl/manifest/iiif/v3/20.500.14918-337597
15425,"Utrecht, Bibliotheek der Rijksuniversiteit, Ms. 1029",91,"Utrecht, Bibliotheek der Rijksuniversiteit","Utrecht, Bibliotheek der Rijksuniversiteit","Ms. 1029",https://objects.library.uu.nl/manifest/iiif/v3/20.500.14918-337500
15433,"Vatican, Biblioteca Apostolica Vaticana, Ms.Ross. 941",94,"Vatican, Biblioteca Apostolica Vaticana","Vatican, Biblioteca Apostolica Vaticana","Ms.Ross. 941",https://digi.vatlib.it/iiif/MSS_Ross.941/manifest.json
15434,"Vatican, Biblioteca Apostolica Vaticana, Reg. lat. 316",94,"Vatican, Biblioteca Apostolica Vaticana","Vatican, Biblioteca Apostolica Vaticana","Reg. lat. 316",https://digi.vatlib.it/iiif/MSS_Reg.lat.316/manifest.json
15436,"Vatican, Biblioteca Apostolica Vaticana, Vat. lat. 427 vol. 1",94,"Vatican, Biblioteca Apostolica Vaticana","Vatican, Biblioteca Apostolica Vaticana","Vat. lat. 427 vol. 1",https://digi.vatlib.it/iiif/MSS_Vat.lat.427.pt.1/manifest.json
15443,"Vienna, Österreichische Nationalbibliothek, cvp Ser. n. 3614",97,"Vienna, Österreichische Nationalbibliothek","Vienna, Österreichische Nationalbibliothek","cvp Ser. n. 3614",https://api.onb.ac.at/iiif/presentation/v3/manifest/131FC50D
15467,"Wil, Dominikarinnenkloster St. Katharina, Chronik (""Konventsbuch"")",106,"Wil, Dominikarinnenkloster St. Katharina","Wil, Dominikarinnenkloster St. Katharina","Chronik (""Konventsbuch"")",https://www.e-codices.unifr.ch/metadata/iiif/kaw-konventsbuch/manifest.json
15468,"Wil, Dominikarinnenkloster St. Katharina, M 1",106,"Wil, Dominikarinnenkloster St. Katharina","Wil, Dominikarinnenkloster St. Katharina","M 1",https://www.e-codices.unifr.ch/metadata/iiif/kaw-0001/manifest.json
15469,"Wil, Dominikarinnenkloster St. Katharina, M 13",106,"Wil, Dominikarinnenkloster St. Katharina","Wil, Dominikarinnenkloster St. Katharina","M 13",https://www.e-codices.unifr.ch/metadata/iiif/kaw-M0013/manifest.json
15471,"Wil, Dominikarinnenkloster St. Katharina, M 3",106,"Wil, Dominikarinnenkloster St. Katharina","Wil, Dominikarinnenkloster St. Katharina","M 3",https://www.e-codices.unifr.ch/metadata/iiif/kaw-M0003/manifest.json
15472,"Wil, Dominikarinnenkloster St. Katharina, M 32",106,"Wil, Dominikarinnenkloster St. Katharina","Wil, Dominikarinnenkloster St. Katharina","M 32",https://www.e-codices.unifr.ch/metadata/iiif/kaw-0032/manifest.json
15473,"Wil, Dominikarinnenkloster St. Katharina, M 41",106,"Wil, Dominikarinnenkloster St. Katharina","Wil, Dominikarinnenkloster St. Katharina","M 41",https://www.e-codices.unifr.ch/metadata/iiif/kaw-0041/manifest.json
15474,"Wil, Dominikarinnenkloster St. Katharina, No inventory number",106,"Wil, Dominikarinnenkloster St. Katharina","Wil, Dominikarinnenkloster St. Katharina","No inventory number",https://www.e-codices.unifr.ch/metadata/iiif/kaw-Urbar/manifest.json
15475,"Wil, Dominikarinnenkloster St. Katharina, Schwesternbuch",106,"Wil, Dominikarinnenkloster St. Katharina","Wil, Dominikarinnenkloster St. Katharina",Schwesternbuch,https://www.e-codices.unifr.ch/metadata/iiif/kaw-SrBuch/manifest.json
15494,"Wolfenbüttel, Herzog August Bibliothek, Cod. Guelf. 204 Helmst.",107,"Wolfenbüttel, Herzog August Bibliothek","Wolfenbüttel, Herzog August Bibliothek","Cod. Guelf. 204 Helmst.",https://iiif.hab.de/object/mss_204-helmst/manifest?manifest=https://iiif.hab.de/object/mss_204-helmst/manifest
15498,"Wolfenbüttel, Herzog August Bibliothek, Cod. Guelf. 300.1 Extrav.",107,"Wolfenbüttel, Herzog August Bibliothek","Wolfenbüttel, Herzog August Bibliothek","Cod. Guelf. 300.1 Extrav.",https://iiif.hab.de/object/mss_300-1-extrav/manifest?manifest=https://iiif.hab.de/object/mss_300-1-extrav/manifest
15503,"Wolfenbüttel, Herzog August Bibliothek, Cod. Guelf. 502 Helmst.",107,"Wolfenbüttel, Herzog August Bibliothek","Wolfenbüttel, Herzog August Bibliothek","Cod. Guelf. 502 Helmst.",https://iiif.hab.de/object/mss_502-helmst/manifest
15504,"Boulogne-sur-Mer, Bibliothèque municipale, Ms.74 (82)",121,"Boulogne-sur-Mer, Bibliothèque municipale","Boulogne-sur-Mer, Bibliothèque municipale","Ms.74 (82)",https://api.irht.cnrs.fr/ark:/63955/fjuagx1x69n3/manifest.json
15519,"Wolfenbüttel, Herzog August Bibliothek, Cod. Guelf. 943 Helmst.",107,"Wolfenbüttel, Herzog August Bibliothek","Wolfenbüttel, Herzog August Bibliothek","Cod. Guelf. 943 Helmst.",https://iiif.hab.de/object/mss_943-helmst/manifest.json
15521,"Wolfenbüttel, Herzog August Bibliothek, Cod. Guelf.Novi 797",107,"Wolfenbüttel, Herzog August Bibliothek","Wolfenbüttel, Herzog August Bibliothek","Cod. Guelf.Novi 797",https://iiif.hab.de/object/mss_797-novi/manifest.json
15522,"Würzburg Universitätsbibliothek, M.ch.f.4",108,"Würzburg Universitätsbibliothek","Würzburg Universitätsbibliothek",M.ch.f.4,https://www.franconica.online/o/iiif/2/97185/manifest
15531,"Zurich, Zentralbibliothek, Ms. Rh. 159",24124,"Zurich, Zentralbibliothek","Zurich, Zentralbibliothek","Ms. Rh. 159",https://www.e-manuscripta.ch/i3f/v20/1380075/manifest
15532,"Breslau, Universitätsbibliothek, Ms.IF 508a",125,"Breslau, Universitätsbibliothek","Breslau, Universitätsbibliothek","Ms.IF 508a",https://glam.uni.wroc.pl/iiif/RKP_I_F_508_A_76558/manifest
15533,"Bruges, Bibliothèque publique, Ms. 321",126,"Bruges, Bibliothèque publique","Bruges, Bibliothèque publique","Ms. 321",https://sharedcanvas.be/IIIF/manifests/B_OB_MS321
15596,"Cambrai, Bibliothèque municipale, Ms.300",131,"Cambrai, Bibliothèque municipale","Cambrai, Bibliothèque municipale",Ms.300,https://bvmm.irht.cnrs.fr/iiif/26441/manifest
15601,"Chantilly, Bibliothèque et Archives du Château, Ms. 617",135,"Chantilly, Bibliothèque et Archives du Château","Chantilly, Bibliothèque et Archives du Château","Ms. 617",https://api.irht.cnrs.fr/ark:/63955/fdpotvgdjyxi/manifest.json
15603,"Colmar, Bibliothèque des Dominicains, Ms. 717 II",22343,"Colmar, Bibliothèque des Dominicains","Colmar, Bibliothèque des Dominicains","Ms. 717 II",https://api.irht.cnrs.fr/ark:/63955/fvnr1khfsxi7/manifest.json
15609,"Cologne, Erzbischöfliche Diözesan- und Dombibliothek, Ms. 63",189,"Cologne, Erzbischöfliche Diözesan- und Dombibliothek","Cologne, Erzbischöfliche Diözesan- und Dombibliothek","Ms. 63",https://digital.dombibliothek-koeln.de/hs/i3f/v20/163389/manifest
15610,"Cologne, Erzbischöfliche Diözesan- und Dombibliothek, Ms. 65",189,"Cologne, Erzbischöfliche Diözesan- und Dombibliothek","Cologne, Erzbischöfliche Diözesan- und Dombibliothek","Ms. 65",https://digital.dombibliothek-koeln.de/hs/i3f/v20/276608/manifest
15611,"Cologne, Erzbischöfliche Diözesan- und Dombibliothek, Ms. 67",189,"Cologne, Erzbischöfliche Diözesan- und Dombibliothek","Cologne, Erzbischöfliche Diözesan- und Dombibliothek","Ms. 67",https://digital.dombibliothek-koeln.de/hs/i3f/v20/221601/manifest
15612,"Cologne, Erzbischöfliche Diözesan- und Dombibliothek, Ms. 69",189,"Cologne, Erzbischöfliche Diözesan- und Dombibliothek","Cologne, Erzbischöfliche Diözesan- und Dombibliothek","Ms. 69",https://digital.dombibliothek-koeln.de/hs/i3f/v20/223732/manifest
15636,"Arras, Bibliothèque de la Ville, 742",23,"Arras, Bibliothèque de la Ville","Arras, Bibliothèque de la Ville",742,https://api.irht.cnrs.fr/ark:/63955/fr1dgmfio4zw/manifest.json
15639,"Deventer, Athenaeumbibliotheek, 10 T 3 KL",142,"Deventer, Athenaeumbibliotheek","Deventer, Athenaeumbibliotheek","10 T 3 KL",https://athenaeumcollecties.nl/collecties/topstukken/manifest/2bb2f476-2986-b142-4f07-67d5969f1a92
15640,"Deventer, Athenaeumbibliotheek, 10 V 2 KL",142,"Deventer, Athenaeumbibliotheek","Deventer, Athenaeumbibliotheek","10 V 2 KL",https://athenaeumcollecties.nl/collecties/gedigitaliseerde-collecties/manifest/c54bb995-3c88-1ca1-98ad-34387d1c0b7b
15641,"Deventer, Athenaeumbibliotheek, 101 A 34 KL",142,"Deventer, Athenaeumbibliotheek","Deventer, Athenaeumbibliotheek","101 A 34 KL",https://athenaeumcollecties.nl/collecties/gedigitaliseerde-collecties/manifest/a2cf9dd3-a644-74c0-1a21-271e8611e091
15642,"Deventer, Athenaeumbibliotheek, 101 D 12 KL",142,"Deventer, Athenaeumbibliotheek","Deventer, Athenaeumbibliotheek","101 D 12 KL",https://athenaeumcollecties.nl/collecties/gedigitaliseerde-collecties/manifest/4327916c-3247-003c-f107-10047437a600
15643,"Deventer, Athenaeumbibliotheek, 101 D 13 KL",142,"Deventer, Athenaeumbibliotheek","Deventer, Athenaeumbibliotheek","101 D 13 KL",https://athenaeumcollecties.nl/collecties/gedigitaliseerde-collecties/manifest/0bca62d8-3487-11e6-9948-6f0eb4ea074d|https://access.ecodices.nl/iiif/presentation/ABD_101_D_13_KL/manifest?manifest=https://access.ecodices.nl/iiif/presentation/ABD_101_D_13_KL/manifest
15644,"Deventer, Athenaeumbibliotheek, 101 D 14 KL",142,"Deventer, Athenaeumbibliotheek","Deventer, Athenaeumbibliotheek","101 D 14 KL",https://athenaeumcollecties.nl/middeleeuwse-handschriften-tot-1601/manifest/0bca62d8-3487-11e6-9948-6f0eb4ea074d
15645,"Deventer, Athenaeumbibliotheek, 101 D 4 KL",142,"Deventer, Athenaeumbibliotheek","Deventer, Athenaeumbibliotheek","101 D 4 KL",https://athenaeumcollecties.nl/middeleeuwse-handschriften-tot-1601/manifest/00e06d35-77bb-a3b3-d9e9-0662579b7a31
15646,"Deventer, Athenaeumbibliotheek, 101 D 6 KL",142,"Deventer, Athenaeumbibliotheek","Deventer, Athenaeumbibliotheek","101 D 6 KL",https://athenaeumcollecties.nl/middeleeuwse-handschriften-tot-1601/manifest/581b1c37-3324-3aff-86f9-9e48e117974a
15648,"Deventer, Athenaeumbibliotheek, 101 D 9 KL",142,"Deventer, Athenaeumbibliotheek","Deventer, Athenaeumbibliotheek","101 D 9 KL",https://athenaeumcollecties.nl/middeleeuwse-handschriften-tot-1601/manifest/fb500435-067e-def5-cc26-287f1d5b0f03
15649,"Deventer, Athenaeumbibliotheek, 101 E 1 KL",142,"Deventer, Athenaeumbibliotheek","Deventer, Athenaeumbibliotheek","101 E 1 KL",https://athenaeumcollecties.nl/middeleeuwse-handschriften-tot-1601/manifest/542ca631-f0f3-92fa-0a65-a3b070496f87
15650,"Deventer, Athenaeumbibliotheek, 101 E 11 KL",142,"Deventer, Athenaeumbibliotheek","Deventer, Athenaeumbibliotheek","101 E 11 KL",https://athenaeumcollecties.nl/middeleeuwse-handschriften-tot-1601/manifest/0e129422-bd4d-29d9-1244-0eb179e1bcb7
15651,"Deventer, Athenaeumbibliotheek, 101 E 12 KL",142,"Deventer, Athenaeumbibliotheek","Deventer, Athenaeumbibliotheek","101 E 12 KL",https://athenaeumcollecties.nl/middeleeuwse-handschriften-tot-1601/manifest/3e2c03f9-ba52-980d-04e7-ec9fa2d14511
15652,"Deventer, Athenaeumbibliotheek, 101 E 17 KL",142,"Deventer, Athenaeumbibliotheek","Deventer, Athenaeumbibliotheek","101 E 17 KL",https://athenaeumcollecties.nl/middeleeuwse-handschriften-tot-1601/manifest/0bc26998-3487-11e6-b74e-17808c039aa8
15653,"Deventer, Athenaeumbibliotheek, 101 E 26 KL",142,"Deventer, Athenaeumbibliotheek","Deventer, Athenaeumbibliotheek","101 E 26 KL",https://athenaeumcollecties.nl/middeleeuwse-handschriften-tot-1601/manifest/0be4351e-3487-11e6-9603-b3eb7ac8b442
15654,"Deventer, Athenaeumbibliotheek, 101 E 4 KL",142,"Deventer, Athenaeumbibliotheek","Deventer, Athenaeumbibliotheek","101 E 4 KL",https://athenaeumcollecties.nl/middeleeuwse-handschriften-tot-1601/manifest/0834818a-a693-6646-cb3c-f48a7d9ba230
15655,"Deventer, Athenaeumbibliotheek, 101 F 15 KL",142,"Deventer, Athenaeumbibliotheek","Deventer, Athenaeumbibliotheek","101 F 15 KL",https://athenaeumcollecties.nl/middeleeuwse-handschriften-tot-1601/manifest/0bc55176-3487-11e6-becd-ff135dfa434d
15657,"Deventer, Athenaeumbibliotheek, 101 F 17 KL",142,"Deventer, Athenaeumbibliotheek","Deventer, Athenaeumbibliotheek","101 F 17 KL",https://athenaeumcollecties.nl/middeleeuwse-handschriften-tot-1601/manifest/a35d2ac2-9ae4-d6c9-40e8-8a54745f86bd
15659,"Deventer, Athenaeumbibliotheek, 101 F 2 KL",142,"Deventer, Athenaeumbibliotheek","Deventer, Athenaeumbibliotheek","101 F 2 KL",https://access.ecodices.nl/iiif/presentation/ABD_101_F_2_KL/manifest?manifest=https://access.ecodices.nl/iiif/presentation/ABD_101_F_2_KL/manifest
15660,"Deventer, Athenaeumbibliotheek, 101 F 25 KL",142,"Deventer, Athenaeumbibliotheek","Deventer, Athenaeumbibliotheek","101 F 25 KL",https://athenaeumcollecties.nl/middeleeuwse-handschriften-tot-1601/manifest/0be4fa58-3487-11e6-97b2-6b087bd35c67
15661,"Deventer, Athenaeumbibliotheek, 101 F 3 KL",142,"Deventer, Athenaeumbibliotheek","Deventer, Athenaeumbibliotheek","101 F 3 KL",https://athenaeumcollecties.nl/middeleeuwse-handschriften-tot-1601/manifest/d93c37d8-c3d6-69d5-7a8f-cace40b2c59b
15662,"Deventer, Athenaeumbibliotheek, 101 F 5 KL",142,"Deventer, Athenaeumbibliotheek","Deventer, Athenaeumbibliotheek","101 F 5 KL",https://athenaeumcollecties.nl/middeleeuwse-handschriften-tot-1601/manifest/0bc6add2-3487-11e6-9095-0fb6f2482b8d
15663,"Deventer, Athenaeumbibliotheek, 101 F 7 KL",142,"Deventer, Athenaeumbibliotheek","Deventer, Athenaeumbibliotheek","101 F 7 KL",https://athenaeumcollecties.nl/middeleeuwse-handschriften-tot-1601/manifest/4f3028dd-2b67-e328-392c-05de31393900
15664,"Deventer, Athenaeumbibliotheek, 11 F 3 KL",142,"Deventer, Athenaeumbibliotheek","Deventer, Athenaeumbibliotheek","11 F 3 KL",https://athenaeumcollecties.nl/middeleeuwse-handschriften-tot-1601/manifest/7fc50aed-1cc1-fdad-ec3f-c3c0b9ec040f
15666,"Karlsruhe, Badische Landesbibliothek, Donaueschingen 365",187,"Karlsruhe, Badische Landesbibliothek","Karlsruhe, Badische Landesbibliothek","Donaueschingen 365",https://digital.blb-karlsruhe.de/i3f/v20/971570/manifest
15670,"Dublin, Trinity College, Ms.81",145,"Dublin, Trinity College","Dublin, Trinity College",Ms.81,https://digitalcollections.tcd.ie/concern/works/q524jr802/manifest?manifest=https://digitalcollections.tcd.ie/concern/works/q524jr802/manifest
15673,"Düsseldorf, Universitäts- und Landesbibliothek, B 42",147,"Düsseldorf, Universitäts- und Landesbibliothek","Düsseldorf, Universitäts- und Landesbibliothek","B 42",https://digital.ulb.hhu.de/i3f/v20/5177781/manifest
15675,"Düsseldorf, Universitäts- und Landesbibliothek, Ms.D 9",147,"Düsseldorf, Universitäts- und Landesbibliothek","Düsseldorf, Universitäts- und Landesbibliothek","Ms.D 9",https://digital.ulb.hhu.de/i3f/v20/2822217/manifest
15687,"Einsiedeln, Stiftsbibliothek, Ms. 671 (655)",148,"Einsiedeln, Stiftsbibliothek","Einsiedeln, Stiftsbibliothek","Ms. 671 (655)",https://www.e-codices.ch/metadata/iiif/sbe-0671/manifest.json
15735,"Admont Stiftsbibliothek, Admont Ms.16",122,"Admont Stiftsbibliothek","Admont Stiftsbibliothek","Admont Ms.16",https://manuscripta.at/diglit/iiif/AT1000-16/manifest.json
15790,"Frankfurt am Main, Staats- und Universitäts-bibliothek, MS Barth. 42",162,"Frankfurt am Main, Staats- und Universitäts-bibliothek","Frankfurt am Main, Staats- und Universitäts-bibliothek","MS Barth. 42",https://sammlungen.ub.uni-frankfurt.de/i3f/v20/3644538/manifest
15809,"Freising, Dombibliothek, Alto Ms.Z 00206",18149,"Freising, Dombibliothek","Freising, Dombibliothek","Alto Ms.Z 00206",https://api.digitale-sammlungen.de/iiif/presentation/v2/bsb00118602/manifest
15810,"Fulda, Landesbibliothek, Ms. Aa 125",24116,"Fulda, Landesbibliothek","Fulda, Landesbibliothek","Ms. Aa 125",https://fuldig.hs-fulda.de/viewer/api/v1/records/PPN313461244/manifest/
15815,"Gent, Universiteitsbibliotheek, Ms.663",172,"Gent, Universiteitsbibliotheek","Gent, Universiteitsbibliotheek",Ms.663,https://adore.ugent.be/IIIF/manifests/archive.ugent.be:44A9D0AA-AECD-11E1-ADB6-0FE0AAF23FF7
15817,"Gent, Universiteitsbibliotheek, Ms.902",172,"Gent, Universiteitsbibliotheek","Gent, Universiteitsbibliotheek",Ms.902,https://adore.ugent.be/IIIF/manifests/archive.ugent.be:721F5050-9BF7-11E8-91E0-9994FB05B1B6
15818,"Gent, Universiteitsbibliotheek, Ms.904",172,"Gent, Universiteitsbibliotheek","Gent, Universiteitsbibliotheek",Ms.904,https://adore.ugent.be/IIIF/manifests/archive.ugent.be:EE56725A-A7C0-11E8-9B98-3685FB05B1B6
15823,"Göttingen University Library, 8° Ms. Ms. theol. 292",174,"Göttingen University Library","Göttingen University Library","8° Ms. Ms. theol. 292",https://manifests.sub.uni-goettingen.de/iiif/presentation/DE-611-HS-3794321/manifest?version=7a696723
15826,"Graz, Universitaetsbibliothek, 36",176,"Graz, Universitaetsbibliothek","Graz, Universitaetsbibliothek",36,https://unipub.uni-graz.at/i3f/v20/9853196/manifest
15828,"Halle, Universitäts- und Landesbibliothek, Qu. Ms. 105",179,"Halle, Universitäts- und Landesbibliothek","Halle, Universitäts- und Landesbibliothek","Qu. Ms. 105",https://opendata.uni-halle.de/explore?bitstream_id=07dc873e-4b55-4d80-b9ad-5c6a302645e6&handle=1981185920/34417&provider=iiif-image&onlyManifest=true
15829,"Halle, Universitäts- und Landesbibliothek, Qu. Ms. 74",179,"Halle, Universitäts- und Landesbibliothek","Halle, Universitäts- und Landesbibliothek","Qu. Ms. 74",https://opendata.uni-halle.de//json/iiif/1981185920/36419/f356e7f8-bc45-4144-a302-588aeaf9d578/manifest
15831,"Hamburg, Staats-und Universitätsbibliothek, Ms. 206 in scrin.",180,"Hamburg, Staats-und Universitätsbibliothek","Hamburg, Staats-und Universitätsbibliothek","Ms. 206 in scrin.",https://iiif.sub.uni-hamburg.de/object/HANSh3286/manifest
15832,"Hamburg, Staats-und Universitätsbibliothek, Ms. 207 in scrin.",180,"Hamburg, Staats-und Universitätsbibliothek","Hamburg, Staats-und Universitätsbibliothek","Ms. 207 in scrin.",https://iiif.sub.uni-hamburg.de/object/PPN1908303921/manifest
15833,"Hamburg, Staats-und Universitätsbibliothek, Ms. 209 in scrin.",180,"Hamburg, Staats-und Universitätsbibliothek","Hamburg, Staats-und Universitätsbibliothek","Ms. 209 in scrin.",https://iiif.sub.uni-hamburg.de/object/PPN1689315318/manifest
15834,"Hamburg, Staats-und Universitätsbibliothek, Ms. 210 in scrin.",180,"Hamburg, Staats-und Universitätsbibliothek","Hamburg, Staats-und Universitätsbibliothek","Ms. 210 in scrin.",https://iiif.sub.uni-hamburg.de/object/PPN1689317604/manifest
15840,"Hannover, Landesbibliothek, Ms. I 78",181,"Hannover, Landesbibliothek","Hannover, Landesbibliothek","Ms. I 78",https://digitale-sammlungen.gwlb.de/content/1742799264/manifest.json
15842,"Harvard University, Houghton Library, Ms.Riant 91",182,"Harvard University, Houghton Library","Harvard University, Houghton Library","Ms.Riant 91",https://iiif.lib.harvard.edu/manifests/drs:47818658
15846,"Admont Stiftsbibliothek, Admont Ms.17",122,"Admont Stiftsbibliothek","Admont Stiftsbibliothek","Admont Ms.17",https://manuscripta.at/diglit/iiif/AT1000-17/manifest.json
15851,"Heidelberg, Universitätsbibliothek, Pal. germ. 478",184,"Heidelberg, Universitätsbibliothek","Heidelberg, Universitätsbibliothek","Pal. germ. 478",https://digi.ub.uni-heidelberg.de/diglit/iiif3/cpg478/manifest
15852,"Heidelberg, Universitätsbibliothek, Pal. germ. 677",184,"Heidelberg, Universitätsbibliothek","Heidelberg, Universitätsbibliothek","Pal. germ. 677",https://digi.ub.uni-heidelberg.de/diglit/iiif3/cpg677/manifest
15853,"Heidelberg, Universitätsbibliothek, Pal. germ. 807",184,"Heidelberg, Universitätsbibliothek","Heidelberg, Universitätsbibliothek","Pal. germ. 807",https://digi.ub.uni-heidelberg.de/diglit/iiif/cpg807/manifest
15854,"Hermetschwil, Benedictine monastery, Ms. chart. 124",28251,"Hermetschwil, Benedictine monastery","Hermetschwil, Benedictine monastery","Ms. chart. 124",https://www.e-codices.unifr.ch/metadata/iiif/hba-chart0124/manifest.json
15855,"Hermetschwil, Benedictine monastery, Ms. membr. 65",28251,"Hermetschwil, Benedictine monastery","Hermetschwil, Benedictine monastery","Ms. membr. 65",https://www.e-codices.ch/metadata/iiif/hba-membr0065/manifest.json
15856,"Hildesheim, Cathedral Library, Hs. J 27",185,"Hildesheim, Cathedral Library","Hildesheim, Cathedral Library","Hs. J 27",https://iiif.hab.de/object/mss_ed000218/manifest.json
15857,"Hildesheim, Cathedral Library, Hs. J 29",185,"Hildesheim, Cathedral Library","Hildesheim, Cathedral Library","Hs. J 29",https://iiif.hab.de/object/mss_ed000219/manifest.json
15858,"Autun, Bibliothèque municipale, Autun, Bm 20",67,"Autun, Bibliothèque municipale","Autun, Bibliothèque municipale","Autun, Bm 20",https://api.irht.cnrs.fr/ark:/63955/fhk5nwwsy8ig/manifest.json
15860,"San Marino, Huntington Library, Art Museum, and Botanical Gardens, mssHM 26068",24117,"San Marino, Huntington Library, Art Museum, and Botanical Gardens","San Marino, Huntington Library, Art Museum, and Botanical Gardens","mssHM 26068",https://cdm16003.contentdm.oclc.org/iiif/p15150coll7:53271/manifest.json
15862,"Karlsruhe, Badische Landesbibliothek, Lichtent. 105",187,"Karlsruhe, Badische Landesbibliothek","Karlsruhe, Badische Landesbibliothek","Lichtent. 105",
15863,"Karlsruhe, Badische Landesbibliothek, Donaueschingen 422",187,"Karlsruhe, Badische Landesbibliothek","Karlsruhe, Badische Landesbibliothek","Donaueschingen 422",https://digital.blb-karlsruhe.de/i3f/v20/902663/manifest
15864,"Karlsruhe, Badische Landesbibliothek, Donaueschingen 830",187,"Karlsruhe, Badische Landesbibliothek","Karlsruhe, Badische Landesbibliothek","Donaueschingen 830",https://digital.blb-karlsruhe.de/i3f/v20/3162169/manifest
15868,"Karlsruhe, Badische Landesbibliothek, Lichtent. 123",187,"Karlsruhe, Badische Landesbibliothek","Karlsruhe, Badische Landesbibliothek","Lichtent. 123",https://digital.blb-karlsruhe.de/i3f/v20/1401805/manifest
15872,"Karlsruhe, Badische Landesbibliothek, Lichtent. 89",187,"Karlsruhe, Badische Landesbibliothek","Karlsruhe, Badische Landesbibliothek","Lichtent. 89",https://digital.blb-karlsruhe.de/i3f/v20/1162987/manifest
15873,"Karlsruhe, Badische Landesbibliothek, Lichtent. 95",187,"Karlsruhe, Badische Landesbibliothek","Karlsruhe, Badische Landesbibliothek","Lichtent. 95",https://digital.blb-karlsruhe.de/i3f/v20/1164480/manifest
15876,"Karlsruhe, Badische Landesbibliothek, Lichtent. 65",187,"Karlsruhe, Badische Landesbibliothek","Karlsruhe, Badische Landesbibliothek","Lichtent. 65",https://digital.blb-karlsruhe.de/i3f/v20/1164543/manifest
15877,"Karlsruhe, Badische Landesbibliothek, Lichtent. 69",187,"Karlsruhe, Badische Landesbibliothek","Karlsruhe, Badische Landesbibliothek","Lichtent. 69",https://digital.blb-karlsruhe.de/i3f/v20/1162626/manifest
15878,"Karlsruhe, Badische Landesbibliothek, Lichtent. 70",187,"Karlsruhe, Badische Landesbibliothek","Karlsruhe, Badische Landesbibliothek","Lichtent. 70",https://digital.blb-karlsruhe.de/i3f/v20/1162633/manifest
15879,"Karlsruhe, Badische Landesbibliothek, Lichtent. 74",187,"Karlsruhe, Badische Landesbibliothek","Karlsruhe, Badische Landesbibliothek","Lichtent. 74",https://digital.blb-karlsruhe.de/i3f/v20/1162973/manifest
15881,"Karlsruhe, Badische Landesbibliothek, Lichtent. 79",187,"Karlsruhe, Badische Landesbibliothek","Karlsruhe, Badische Landesbibliothek","Lichtent. 79",https://digital.blb-karlsruhe.de/i3f/v20/1163847/manifest
15882,"Karlsruhe, Badische Landesbibliothek, Lichtent. 82",187,"Karlsruhe, Badische Landesbibliothek","Karlsruhe, Badische Landesbibliothek","Lichtent. 82",https://digital.blb-karlsruhe.de/i3f/v20/1164591/manifest
15883,"Karlsruhe, Badische Landesbibliothek, Donaueschingen 145",187,"Karlsruhe, Badische Landesbibliothek","Karlsruhe, Badische Landesbibliothek","Donaueschingen 145",https://digital.blb-karlsruhe.de/i3f/v20/585870/manifest
15887,"Karlsruhe, Badische Landesbibliothek, Schwarzach 19",187,"Karlsruhe, Badische Landesbibliothek","Karlsruhe, Badische Landesbibliothek","Schwarzach 19",https://digital.blb-karlsruhe.de/i3f/v20/6545305/manifest
15896,"Karlsruhe, Badische Landesbibliothek, St. Peter pap. 4",187,"Karlsruhe, Badische Landesbibliothek","Karlsruhe, Badische Landesbibliothek","St. Peter pap. 4",https://digital.blb-karlsruhe.de/i3f/v20/76277/manifest
15898,"Karlsruhe, Badische Landesbibliothek, St. Peter perg 18",187,"Karlsruhe, Badische Landesbibliothek","Karlsruhe, Badische Landesbibliothek","St. Peter perg 18",https://digital.blb-karlsruhe.de/i3f/v20/574464/manifest
15899,"Karlsruhe, Badische Landesbibliothek, St. Peter Perg. 101",187,"Karlsruhe, Badische Landesbibliothek","Karlsruhe, Badische Landesbibliothek","St. Peter Perg. 101",https://digital.blb-karlsruhe.de/i3f/v20/574706/manifest
15900,"Karlsruhe, Badische Landesbibliothek, St. Peter perg. 109",187,"Karlsruhe, Badische Landesbibliothek","Karlsruhe, Badische Landesbibliothek","St. Peter perg. 109",https://digital.blb-karlsruhe.de/i3f/v20/578103/manifest
15901,"Karlsruhe, Badische Landesbibliothek, St. Peter Perg. 44",187,"Karlsruhe, Badische Landesbibliothek","Karlsruhe, Badische Landesbibliothek","St. Peter Perg. 44",https://digital.blb-karlsruhe.de/i3f/v20/402232/manifest
15903,"Karlsruhe, Badische Landesbibliothek, St. Peter Perg. 45",187,"Karlsruhe, Badische Landesbibliothek","Karlsruhe, Badische Landesbibliothek","St. Peter Perg. 45",https://digital.blb-karlsruhe.de/i3f/v20/574721/manifest
15904,"Karlsruhe, Badische Landesbibliothek, St. Peter Perg. 72",187,"Karlsruhe, Badische Landesbibliothek","Karlsruhe, Badische Landesbibliothek","St. Peter Perg. 72",https://digital.blb-karlsruhe.de/i3f/v20/575971/manifest
15905,"Karlsruhe, Badische Landesbibliothek, Thennenbach 4",187,"Karlsruhe, Badische Landesbibliothek","Karlsruhe, Badische Landesbibliothek","Thennenbach 4",https://digital.blb-karlsruhe.de/i3f/v20/161613/manifest
15908,"Laon, Bibliothèque municipale, Ms.423",191,"Laon, Bibliothèque municipale","Laon, Bibliothèque municipale",Ms.423,https://bibliotheque-numerique.ville-laon.fr/iiif/1465/manifest
15910,"Lawrence (Kansas), University of Kansas, Kenneth Spencer Research Library, Ms.C66",192,"Lawrence (Kansas), University of Kansas, Kenneth Spencer Research Library","Lawrence (Kansas), University of Kansas, Kenneth Spencer Research Library",Ms.C66,https://iiif.archivelab.org/iiif/images_MSC66_30/manifest.json
15912,"Leiden, Universiteitsbibliotheek, BPL 46 A",193,"Leiden, Universiteitsbibliotheek","Leiden, Universiteitsbibliotheek","BPL 46 A",https://digitalcollections.universiteitleiden.nl/iiif_manifest/item%3A1604476/manifest
15914,"Leiden, Universiteitsbibliotheek, BPL 48 E",193,"Leiden, Universiteitsbibliotheek","Leiden, Universiteitsbibliotheek","BPL 48 E",https://digitalcollections.universiteitleiden.nl/iiif_manifest/item%3A3130883/manifest
15916,"Leiden, Universiteitsbibliotheek, Letterk. 219",193,"Leiden, Universiteitsbibliotheek","Leiden, Universiteitsbibliotheek","Letterk. 219",https://digitalcollections.universiteitleiden.nl/iiif_manifest/item:1518381/manifest
15917,"Leiden, Universiteitsbibliotheek, Letterk. 240",193,"Leiden, Universiteitsbibliotheek","Leiden, Universiteitsbibliotheek","Letterk. 240",https://digitalcollections.universiteitleiden.nl/iiif_manifest/item:3457567/manifest
15918,"Leiden, Universiteitsbibliotheek, Letterk. 252",193,"Leiden, Universiteitsbibliotheek","Leiden, Universiteitsbibliotheek","Letterk. 252",https://digitalcollections.universiteitleiden.nl/iiif_manifest/item:3456321/manifest
15919,"Leiden, Universiteitsbibliotheek, Letterk. 306",193,"Leiden, Universiteitsbibliotheek","Leiden, Universiteitsbibliotheek","Letterk. 306",https://digitalcollections.universiteitleiden.nl/iiif_manifest/item:3574307/manifest
15920,"Leiden, Universiteitsbibliotheek, Letterk. 354",193,"Leiden, Universiteitsbibliotheek","Leiden, Universiteitsbibliotheek","Letterk. 354",https://digitalcollections.universiteitleiden.nl/iiif_manifest/item:2175499/manifest
15926,"Leipzig, Universitätsbibliothek, Rep. II. 157b",24100,"Leipzig, Universitätsbibliothek","Leipzig, Universitätsbibliothek","Rep. II. 157b",https://iiif.ub.uni-leipzig.de/0000035620/manifest.json
15952,"London, British Library, Harley 3099",195,"London, British Library","London, British Library","Harley 3099",
15956,"London, Victoria and Albert Museum, Inv.-Nr. 8997 I",197,"London, Victoria and Albert Museum","London, Victoria and Albert Museum","Inv.-Nr. 8997 I",https://iiif.vam.ac.uk/collections/O88841/manifest.json
15957,"Admont Stiftsbibliothek, Admont Ms.292",122,"Admont Stiftsbibliothek","Admont Stiftsbibliothek","Admont Ms.292",https://manuscripta.at/diglit/iiif/AT1000-292/manifest.json
15964,"Lucerne, Provincial Archives of the Swiss Capuchins, PAL L",24101,"Lucerne, Provincial Archives of the Swiss Capuchins","Lucerne, Provincial Archives of the Swiss Capuchins","PAL L",https://www.e-codices.unifr.ch/metadata/iiif/pal-L/manifest.json
15967,"Mainz, Stadtbibliothek, Hs. II 16",28248,"Mainz, Stadtbibliothek","Mainz, Stadtbibliothek","Hs. II 16",https://gutenberg-capture.ub.uni-mainz.de/i3f/v20/1023422/manifest
15985,"Munich, Bayerische Staatsbibliothek, Cgm 230",33,"Munich, Bayerische Staatsbibliothek","Munich, Bayerische Staatsbibliothek","Cgm 230",https://api.digitale-sammlungen.de/iiif/presentation/v2/bsb00064437/manifest
15987,"Munich, Bayerische Staatsbibliothek, Cgm 3856",33,"Munich, Bayerische Staatsbibliothek","Munich, Bayerische Staatsbibliothek","Cgm 3856",https://api.digitale-sammlungen.de/iiif/presentation/v2/bsb00064477/manifest
15988,"Munich, Bayerische Staatsbibliothek, Cgm 4274",33,"Munich, Bayerische Staatsbibliothek","Munich, Bayerische Staatsbibliothek","Cgm 4274",https://api.digitale-sammlungen.de/iiif/presentation/v2/bsb00034588/manifest
15989,"Munich, Bayerische Staatsbibliothek, Cgm 4373",33,"Munich, Bayerische Staatsbibliothek","Munich, Bayerische Staatsbibliothek","Cgm 4373",https://api.digitale-sammlungen.de/iiif/presentation/v2/bsb00134048/manifest
15990,"Munich, Bayerische Staatsbibliothek, Cgm 4473",33,"Munich, Bayerische Staatsbibliothek","Munich, Bayerische Staatsbibliothek","Cgm 4473",https://api.digitale-sammlungen.de/iiif/presentation/v2/bsb00034586/manifest
15992,"Munich, Bayerische Staatsbibliothek, Cgm 4474",33,"Munich, Bayerische Staatsbibliothek","Munich, Bayerische Staatsbibliothek","Cgm 4474",https://api.digitale-sammlungen.de/iiif/presentation/v2/bsb00034562/manifest
15993,"Munich, Bayerische Staatsbibliothek, Cgm 4476",33,"Munich, Bayerische Staatsbibliothek","Munich, Bayerische Staatsbibliothek","Cgm 4476",https://api.digitale-sammlungen.de/iiif/presentation/v2/bsb00034575/manifest
15994,"Munich, Bayerische Staatsbibliothek, Cgm 4478",33,"Munich, Bayerische Staatsbibliothek","Munich, Bayerische Staatsbibliothek","Cgm 4478",https://api.digitale-sammlungen.de/iiif/presentation/v2/bsb00034343/manifest
15995,"Munich, Bayerische Staatsbibliothek, Cgm 4481",33,"Munich, Bayerische Staatsbibliothek","Munich, Bayerische Staatsbibliothek","Cgm 4481",https://api.digitale-sammlungen.de/iiif/presentation/v2/bsb00034576/manifest
16003,"Munich, Bayerische Staatsbibliothek, Cgm 516",33,"Munich, Bayerische Staatsbibliothek","Munich, Bayerische Staatsbibliothek","Cgm 516",https://api.digitale-sammlungen.de/iiif/presentation/v2/bsb00035383/manifest
16004,"Munich, Bayerische Staatsbibliothek, Cgm 518",33,"Munich, Bayerische Staatsbibliothek","Munich, Bayerische Staatsbibliothek","Cgm 518",https://api.digitale-sammlungen.de/iiif/presentation/v2/bsb00035384/manifest
16005,"Munich, Bayerische Staatsbibliothek, Cgm 5233",33,"Munich, Bayerische Staatsbibliothek","Munich, Bayerische Staatsbibliothek","Cgm 5233",https://api.digitale-sammlungen.de/iiif/presentation/v2/bsb00131294/manifest
16007,"Munich, Bayerische Staatsbibliothek, Cgm 5235",33,"Munich, Bayerische Staatsbibliothek","Munich, Bayerische Staatsbibliothek","Cgm 5235",https://api.digitale-sammlungen.de/iiif/presentation/v2/bsb00064449/manifest
16008,"Munich, Bayerische Staatsbibliothek, Cgm 5244",33,"Munich, Bayerische Staatsbibliothek","Munich, Bayerische Staatsbibliothek","Cgm 5244",https://api.digitale-sammlungen.de/iiif/presentation/v2/bsb00034594/manifest
16010,"Munich, Bayerische Staatsbibliothek, Cgm 5378",33,"Munich, Bayerische Staatsbibliothek","Munich, Bayerische Staatsbibliothek","Cgm 5378",https://api.digitale-sammlungen.de/iiif/presentation/v2/bsb00016097/manifest
16011,"Munich, Bayerische Staatsbibliothek, Cgm 65",33,"Munich, Bayerische Staatsbibliothek","Munich, Bayerische Staatsbibliothek","Cgm 65",https://api.digitale-sammlungen.de/iiif/presentation/v2/bsb00090168/manifest
16012,"Munich, Bayerische Staatsbibliothek, Cgm 6940",33,"Munich, Bayerische Staatsbibliothek","Munich, Bayerische Staatsbibliothek","Cgm 6940",https://api.digitale-sammlungen.de/iiif/presentation/v2/bsb00119487/manifest
16014,"Munich, Bayerische Staatsbibliothek, Cgm 7264",33,"Munich, Bayerische Staatsbibliothek","Munich, Bayerische Staatsbibliothek","Cgm 7264",https://api.digitale-sammlungen.de/iiif/presentation/v2/bsb00142270/manifest
16015,"Munich, Bayerische Staatsbibliothek, Cgm 7265",33,"Munich, Bayerische Staatsbibliothek","Munich, Bayerische Staatsbibliothek","Cgm 7265",https://api.digitale-sammlungen.de/iiif/presentation/v2/bsb00142258/manifest
16016,"Munich, Bayerische Staatsbibliothek, Cgm 750",33,"Munich, Bayerische Staatsbibliothek","Munich, Bayerische Staatsbibliothek","Cgm 750",https://api.digitale-sammlungen.de/iiif/presentation/v2/bsb00062066/manifest
16017,"Munich, Bayerische Staatsbibliothek, Cgm 786",33,"Munich, Bayerische Staatsbibliothek","Munich, Bayerische Staatsbibliothek","Cgm 786",https://api.digitale-sammlungen.de/iiif/presentation/v2/bsb00035387/manifest
16018,"Munich, Bayerische Staatsbibliothek, Cgm 800",33,"Munich, Bayerische Staatsbibliothek","Munich, Bayerische Staatsbibliothek","Cgm 800",https://api.digitale-sammlungen.de/iiif/presentation/v2/bsb00035389/manifest
16019,"Munich, Bayerische Staatsbibliothek, Cgm 8333",33,"Munich, Bayerische Staatsbibliothek","Munich, Bayerische Staatsbibliothek","Cgm 8333",https://api.digitale-sammlungen.de/iiif/presentation/v2/bsb00142337/manifest
16022,"Munich, Bayerische Staatsbibliothek, Cgm 854",33,"Munich, Bayerische Staatsbibliothek","Munich, Bayerische Staatsbibliothek","Cgm 854",https://api.digitale-sammlungen.de/iiif/presentation/v2/bsb00035394/manifest
16023,"Munich, Bayerische Staatsbibliothek, Cgm 855",33,"Munich, Bayerische Staatsbibliothek","Munich, Bayerische Staatsbibliothek","Cgm 855",https://api.digitale-sammlungen.de/iiif/presentation/v2/bsb00035395/manifest
16025,"Munich, Bayerische Staatsbibliothek, Cgm 94",33,"Munich, Bayerische Staatsbibliothek","Munich, Bayerische Staatsbibliothek","Cgm 94",https://api.digitale-sammlungen.de/iiif/presentation/v2/bsb00095888/manifest
16027,"Munich, Bayerische Staatsbibliothek, Cgm 96",33,"Munich, Bayerische Staatsbibliothek","Munich, Bayerische Staatsbibliothek","Cgm 96",https://api.digitale-sammlungen.de/iiif/presentation/v2/bsb00035357/manifest
16051,"Munich, Bayerische Staatsbibliothek, Clm 22016",33,"Munich, Bayerische Staatsbibliothek","Munich, Bayerische Staatsbibliothek","Clm 22016",https://api.digitale-sammlungen.de/iiif/presentation/v2/bsb00034225/manifest
16054,"Munich, Bayerische Staatsbibliothek, Clm 22044",33,"Munich, Bayerische Staatsbibliothek","Munich, Bayerische Staatsbibliothek","Clm 22044",https://api.digitale-sammlungen.de/iiif/presentation/v2/bsb00113471/manifest
16056,"Munich, Bayerische Staatsbibliothek, Clm 23014",33,"Munich, Bayerische Staatsbibliothek","Munich, Bayerische Staatsbibliothek","Clm 23014",https://api.digitale-sammlungen.de/iiif/presentation/v2/bsb00110838/manifest
16058,"Munich, Bayerische Staatsbibliothek, Clm 23046",33,"Munich, Bayerische Staatsbibliothek","Munich, Bayerische Staatsbibliothek","Clm 23046",https://api.digitale-sammlungen.de/iiif/presentation/v2/bsb00113473/manifest
16061,"Munich, Bayerische Staatsbibliothek, Clm 23287",33,"Munich, Bayerische Staatsbibliothek","Munich, Bayerische Staatsbibliothek","Clm 23287",https://api.digitale-sammlungen.de/iiif/presentation/v2/bsb00034686/manifest
16062,"Munich, Bayerische Staatsbibliothek, Clm 23411",33,"Munich, Bayerische Staatsbibliothek","Munich, Bayerische Staatsbibliothek","Clm 23411",https://api.digitale-sammlungen.de/iiif/presentation/v2/bsb00160056/manifest
16065,"Munich, Bayerische Staatsbibliothek, Clm 28638",33,"Munich, Bayerische Staatsbibliothek","Munich, Bayerische Staatsbibliothek","Clm 28638",https://api.digitale-sammlungen.de/iiif/presentation/v2/bsb00138535/manifest
16067,"Munich, Bayerische Staatsbibliothek, Clm 2931",33,"Munich, Bayerische Staatsbibliothek","Munich, Bayerische Staatsbibliothek","Clm 2931",https://api.digitale-sammlungen.de/iiif/presentation/v2/bsb00035427/manifest
16068,"Admont Stiftsbibliothek, Admont Ms.58",122,"Admont Stiftsbibliothek","Admont Stiftsbibliothek","Admont Ms.58",https://manuscripta.at/diglit/iiif/AT1000-58/manifest.json
16070,"Munich, Bayerische Staatsbibliothek, Clm 2932",33,"Munich, Bayerische Staatsbibliothek","Munich, Bayerische Staatsbibliothek","Clm 2932",https://api.digitale-sammlungen.de/iiif/presentation/v2/bsb00032783/manifest
16071,"Munich, Bayerische Staatsbibliothek, Clm 29400 / 8",33,"Munich, Bayerische Staatsbibliothek","Munich, Bayerische Staatsbibliothek","Clm 29400 / 8",https://api.digitale-sammlungen.de/iiif/presentation/v2/bsb00071359/manifest
16072,"Munich, Bayerische Staatsbibliothek, Clm 4549",33,"Munich, Bayerische Staatsbibliothek","Munich, Bayerische Staatsbibliothek","Clm 4549",https://api.digitale-sammlungen.de/iiif/presentation/v2/bsb00140058/manifest
16097,"New Haven, Beinecke Library, Yale University, Ms. 205",22545,"New Haven, Beinecke Library, Yale University","New Haven, Beinecke Library, Yale University","Ms. 205",https://collections.library.yale.edu/manifests/2056332
16099,"New Haven, Beinecke Library, Yale University, Ms. 968",22545,"New Haven, Beinecke Library, Yale University","New Haven, Beinecke Library, Yale University","Ms. 968",https://collections.library.yale.edu/manifests/11870805
16102,"Basel, Universitätsbibliothek, A XI 62",112,"Basel, Universitätsbibliothek","Basel, Universitätsbibliothek","A XI 62",https://www.e-manuscripta.ch/i3f/v20/5199306/manifest
16109,"Nijmegen, Universiteitsbibliotheek, Ms.306",40,"Nijmegen, Universiteitsbibliotheek","Nijmegen, Universiteitsbibliotheek",Ms.306,https://bijzonderecollecties.ubn.ru.nl/iiif/2/Handschriften:51008/manifest.json
16121,"Nuremberg, Stadtbibliothek, Cent. III 40",42,"Nuremberg, Stadtbibliothek","Nuremberg, Stadtbibliothek","Cent. III 40",https://online-service.nuernberg.de/viewer/api/v1/records/07124540/manifest/
16122,"Nuremberg, Stadtbibliothek, Cent. III 41",42,"Nuremberg, Stadtbibliothek","Nuremberg, Stadtbibliothek","Cent. III 41",https://online-service.nuernberg.de/viewer/api/v1/records/07101233/manifest/
16123,"Nuremberg, Stadtbibliothek, Cent. III 43",42,"Nuremberg, Stadtbibliothek","Nuremberg, Stadtbibliothek","Cent. III 43",https://online-service.nuernberg.de/viewer/api/v1/records/07107632/manifest/
16125,"Nuremberg, Stadtbibliothek, Cent. III 85",42,"Nuremberg, Stadtbibliothek","Nuremberg, Stadtbibliothek","Cent. III 85",https://online-service.nuernberg.de/viewer/api/v1/records/07110614/manifest/
16126,"Nuremberg, Stadtbibliothek, Cent. III 86",42,"Nuremberg, Stadtbibliothek","Nuremberg, Stadtbibliothek","Cent. III 86",https://online-service.nuernberg.de/viewer/api/v1/records/07143012/manifest/
16127,"Nuremberg, Stadtbibliothek, Cent. III 87",42,"Nuremberg, Stadtbibliothek","Nuremberg, Stadtbibliothek","Cent. III 87",https://online-service.nuernberg.de/viewer/api/v1/records/07143219/manifest/
16128,"Nuremberg, Stadtbibliothek, Cent. IV 14",42,"Nuremberg, Stadtbibliothek","Nuremberg, Stadtbibliothek","Cent. IV 14",https://online-service.nuernberg.de/viewer/api/v1/records/07122502/manifest/
16129,"Nuremberg, Stadtbibliothek, Cent. IV 18",42,"Nuremberg, Stadtbibliothek","Nuremberg, Stadtbibliothek","Cent. IV 18",https://online-service.nuernberg.de/viewer/api/v1/records/07108088/manifest/
16130,"Nuremberg, Stadtbibliothek, Cent. IV 19",42,"Nuremberg, Stadtbibliothek","Nuremberg, Stadtbibliothek","Cent. IV 19",https://online-service.nuernberg.de/viewer/api/v1/records/07123000/manifest/
16131,"Nuremberg, Stadtbibliothek, Cent. IV 30",42,"Nuremberg, Stadtbibliothek","Nuremberg, Stadtbibliothek","Cent. IV 30",https://online-service.nuernberg.de/viewer/api/v1/records/07122040/manifest/
16132,"Nuremberg, Stadtbibliothek, Cent. IV 33",42,"Nuremberg, Stadtbibliothek","Nuremberg, Stadtbibliothek","Cent. IV 33",https://online-service.nuernberg.de/viewer/api/v1/records/07109713/manifest/
16133,"Nuremberg, Stadtbibliothek, Cent. IV 37",42,"Nuremberg, Stadtbibliothek","Nuremberg, Stadtbibliothek","Cent. IV 37",https://online-service.nuernberg.de/viewer/api/v1/records/07069342/manifest/
16134,"Nuremberg, Stadtbibliothek, Cent. IV 6",42,"Nuremberg, Stadtbibliothek","Nuremberg, Stadtbibliothek","Cent. IV 6",https://online-service.nuernberg.de/viewer/api/v1/records/07107638/manifest/
16136,"Nuremberg, Stadtbibliothek, Cent. IV 7",42,"Nuremberg, Stadtbibliothek","Nuremberg, Stadtbibliothek","Cent. IV 7",https://online-service.nuernberg.de/viewer/api/v1/records/07122503/manifest/
16137,"Nuremberg, Stadtbibliothek, Cent. IV 80",42,"Nuremberg, Stadtbibliothek","Nuremberg, Stadtbibliothek","Cent. IV 80",https://online-service.nuernberg.de/viewer/api/v1/records/07110610/manifest/
16138,"Nuremberg, Stadtbibliothek, Cent. IV 83",42,"Nuremberg, Stadtbibliothek","Nuremberg, Stadtbibliothek","Cent. IV 83",https://online-service.nuernberg.de/viewer/api/v1/records/07143392/manifest/
16139,"Nuremberg, Stadtbibliothek, Cent. V 10 a",42,"Nuremberg, Stadtbibliothek","Nuremberg, Stadtbibliothek","Cent. V 10 a",https://online-service.nuernberg.de/viewer/api/v1/records/07072744/manifest/
16140,"Nuremberg, Stadtbibliothek, Cent. V 29",42,"Nuremberg, Stadtbibliothek","Nuremberg, Stadtbibliothek","Cent. V 29",https://online-service.nuernberg.de/viewer/api/v1/records/07110623/manifest/
16141,"Nuremberg, Stadtbibliothek, Cent. V 33",42,"Nuremberg, Stadtbibliothek","Nuremberg, Stadtbibliothek","Cent. V 33",https://online-service.nuernberg.de/viewer/api/v1/records/07143395/manifest/
16142,"Nuremberg, Stadtbibliothek, Cent. V 4",42,"Nuremberg, Stadtbibliothek","Nuremberg, Stadtbibliothek","Cent. V 4",https://online-service.nuernberg.de/viewer/api/v1/records/07124522/manifest/
16143,"Nuremberg, Stadtbibliothek, Cent. V 5",42,"Nuremberg, Stadtbibliothek","Nuremberg, Stadtbibliothek","Cent. V 5",https://online-service.nuernberg.de/viewer/api/v1/records/07122041/manifest/
16144,"Nuremberg, Stadtbibliothek, Cent. V App. 34p",42,"Nuremberg, Stadtbibliothek","Nuremberg, Stadtbibliothek","Cent. V App. 34p",https://online-service.nuernberg.de/viewer/api/v1/records/07143980/manifest/
16145,"Nuremberg, Stadtbibliothek, Cent. V App. 34q",42,"Nuremberg, Stadtbibliothek","Nuremberg, Stadtbibliothek","Cent. V App. 34q",https://online-service.nuernberg.de/viewer/api/v1/records/07143997/manifest/
16147,"Nuremberg, Stadtbibliothek, Cent. V App. 34r",42,"Nuremberg, Stadtbibliothek","Nuremberg, Stadtbibliothek","Cent. V App. 34r",https://online-service.nuernberg.de/viewer/api/v1/records/07143998/manifest/
16148,"Nuremberg, Stadtbibliothek, Cent. V App. 34s",42,"Nuremberg, Stadtbibliothek","Nuremberg, Stadtbibliothek","Cent. V App. 34s",https://online-service.nuernberg.de/viewer/api/v1/records/07143999/manifest/
16149,"Nuremberg, Stadtbibliothek, Cent. V App. 34t",42,"Nuremberg, Stadtbibliothek","Nuremberg, Stadtbibliothek","Cent. V App. 34t",https://online-service.nuernberg.de/viewer/api/v1/records/07144001/manifest/
16150,"Nuremberg, Stadtbibliothek, Cent. V App. 34u",42,"Nuremberg, Stadtbibliothek","Nuremberg, Stadtbibliothek","Cent. V App. 34u",https://online-service.nuernberg.de/viewer/api/v1/records/07144008/manifest/
16151,"Nuremberg, Stadtbibliothek, Cent. V App. 34v",42,"Nuremberg, Stadtbibliothek","Nuremberg, Stadtbibliothek","Cent. V App. 34v",https://online-service.nuernberg.de/viewer/api/v1/records/07144022/manifest/
16152,"Nuremberg, Stadtbibliothek, Cent. V App. 34w",42,"Nuremberg, Stadtbibliothek","Nuremberg, Stadtbibliothek","Cent. V App. 34w",https://online-service.nuernberg.de/viewer/api/v1/records/07144023/manifest/
16153,"Nuremberg, Stadtbibliothek, Cent. VI 100",42,"Nuremberg, Stadtbibliothek","Nuremberg, Stadtbibliothek","Cent. VI 100",https://online-service.nuernberg.de/viewer/api/v1/records/07116435/manifest/
16154,"Nuremberg, Stadtbibliothek, Cent. VI 43b",42,"Nuremberg, Stadtbibliothek","Nuremberg, Stadtbibliothek","Cent. VI 43b",https://online-service.nuernberg.de/viewer/api/v1/records/07106370/manifest/
16155,"Nuremberg, Stadtbibliothek, Cent. VI 43f",42,"Nuremberg, Stadtbibliothek","Nuremberg, Stadtbibliothek","Cent. VI 43f",https://online-service.nuernberg.de/viewer/api/v1/records/07124525/manifest/
16156,"Nuremberg, Stadtbibliothek, Cent. VI 43g",42,"Nuremberg, Stadtbibliothek","Nuremberg, Stadtbibliothek","Cent. VI 43g",https://online-service.nuernberg.de/viewer/api/v1/records/07074982/manifest/
16158,"Nuremberg, Stadtbibliothek, Cent. VI 43h",42,"Nuremberg, Stadtbibliothek","Nuremberg, Stadtbibliothek","Cent. VI 43h",https://online-service.nuernberg.de/viewer/api/v1/records/07110948/manifest/
16159,"Nuremberg, Stadtbibliothek, Cent. VI 43l",42,"Nuremberg, Stadtbibliothek","Nuremberg, Stadtbibliothek","Cent. VI 43l",https://online-service.nuernberg.de/viewer/api/v1/records/07075187/manifest/
16160,"Nuremberg, Stadtbibliothek, Cent. VI 43m",42,"Nuremberg, Stadtbibliothek","Nuremberg, Stadtbibliothek","Cent. VI 43m",https://online-service.nuernberg.de/viewer/api/v1/records/07113791/manifest/
16161,"Nuremberg, Stadtbibliothek, Cent. VI 43y",42,"Nuremberg, Stadtbibliothek","Nuremberg, Stadtbibliothek","Cent. VI 43y",https://online-service.nuernberg.de/viewer/api/v1/records/07114308/manifest/
16162,"Nuremberg, Stadtbibliothek, Cent. VI 44",42,"Nuremberg, Stadtbibliothek","Nuremberg, Stadtbibliothek","Cent. VI 44",https://online-service.nuernberg.de/viewer/api/v1/records/07114408/manifest/
16163,"Nuremberg, Stadtbibliothek, Cent. VI 46d",42,"Nuremberg, Stadtbibliothek","Nuremberg, Stadtbibliothek","Cent. VI 46d",https://online-service.nuernberg.de/viewer/api/v1/records/07114644/manifest/
16164,"Nuremberg, Stadtbibliothek, Cent. VI 46f",42,"Nuremberg, Stadtbibliothek","Nuremberg, Stadtbibliothek","Cent. VI 46f",https://online-service.nuernberg.de/viewer/api/v1/records/07114650/manifest/
16165,"Nuremberg, Stadtbibliothek, Cent. VI 51",42,"Nuremberg, Stadtbibliothek","Nuremberg, Stadtbibliothek","Cent. VI 51",https://online-service.nuernberg.de/viewer/api/v1/records/07114656/manifest/
16166,"Nuremberg, Stadtbibliothek, Cent. VI 53",42,"Nuremberg, Stadtbibliothek","Nuremberg, Stadtbibliothek","Cent. VI 53",https://online-service.nuernberg.de/viewer/api/v1/records/07114735/manifest/
16167,"Nuremberg, Stadtbibliothek, Cent. VI 55",42,"Nuremberg, Stadtbibliothek","Nuremberg, Stadtbibliothek","Cent. VI 55",https://online-service.nuernberg.de/viewer/api/v1/records/07114778/manifest/
16170,"Nuremberg, Stadtbibliothek, Cent. VI 58",42,"Nuremberg, Stadtbibliothek","Nuremberg, Stadtbibliothek","Cent. VI 58",https://online-service.nuernberg.de/viewer/api/v1/records/07115624/manifest/
16171,"Nuremberg, Stadtbibliothek, Cent. VI 60",42,"Nuremberg, Stadtbibliothek","Nuremberg, Stadtbibliothek","Cent. VI 60",https://online-service.nuernberg.de/viewer/api/v1/records/07115625/manifest/
16172,"Nuremberg, Stadtbibliothek, Cent. VI 69",42,"Nuremberg, Stadtbibliothek","Nuremberg, Stadtbibliothek","Cent. VI 69",https://online-service.nuernberg.de/viewer/api/v1/records/07115634/manifest/
16173,"Nuremberg, Stadtbibliothek, Cent. VI 70",42,"Nuremberg, Stadtbibliothek","Nuremberg, Stadtbibliothek","Cent. VI 70",https://online-service.nuernberg.de/viewer/api/v1/records/07115643/manifest/
16174,"Nuremberg, Stadtbibliothek, Cent. VI 84",42,"Nuremberg, Stadtbibliothek","Nuremberg, Stadtbibliothek","Cent. VI 84",https://online-service.nuernberg.de/viewer/api/v1/records/07115927/manifest/
16175,"Nuremberg, Stadtbibliothek, Cent. VI 89",42,"Nuremberg, Stadtbibliothek","Nuremberg, Stadtbibliothek","Cent. VI 89",https://online-service.nuernberg.de/viewer/api/v1/records/07095093/manifest/
16176,"Nuremberg, Stadtbibliothek, Cent. VI 96",42,"Nuremberg, Stadtbibliothek","Nuremberg, Stadtbibliothek","Cent. VI 96",https://online-service.nuernberg.de/viewer/api/v1/records/07116261/manifest/
16177,"Nuremberg, Stadtbibliothek, Cent. VII 10",42,"Nuremberg, Stadtbibliothek","Nuremberg, Stadtbibliothek","Cent. VII 10",https://online-service.nuernberg.de/viewer/api/v1/records/07117069/manifest/
16178,"Nuremberg, Stadtbibliothek, Cent. VII 11a",42,"Nuremberg, Stadtbibliothek","Nuremberg, Stadtbibliothek","Cent. VII 11a",https://online-service.nuernberg.de/viewer/api/v1/records/07117095/manifest/
16179,"Admont Stiftsbibliothek, Admont Ms.650",122,"Admont Stiftsbibliothek","Admont Stiftsbibliothek","Admont Ms.650",https://manuscripta.at/diglit/iiif/AT1000-650/manifest.json
16181,"Nuremberg, Stadtbibliothek, Cent. VII 12",42,"Nuremberg, Stadtbibliothek","Nuremberg, Stadtbibliothek","Cent. VII 12",https://online-service.nuernberg.de/viewer/api/v1/records/07075473/manifest/
16182,"Nuremberg, Stadtbibliothek, Cent. VII 13",42,"Nuremberg, Stadtbibliothek","Nuremberg, Stadtbibliothek","Cent. VII 13",https://online-service.nuernberg.de/viewer/api/v1/records/07117098/manifest/
16183,"Nuremberg, Stadtbibliothek, Cent. VII 16",42,"Nuremberg, Stadtbibliothek","Nuremberg, Stadtbibliothek","Cent. VII 16",https://online-service.nuernberg.de/viewer/api/v1/records/07109835/manifest/
16184,"Nuremberg, Stadtbibliothek, Cent. VII 20",42,"Nuremberg, Stadtbibliothek","Nuremberg, Stadtbibliothek","Cent. VII 20",https://online-service.nuernberg.de/viewer/api/v1/records/07086491/manifest/
16185,"Nuremberg, Stadtbibliothek, Cent. VII 21",42,"Nuremberg, Stadtbibliothek","Nuremberg, Stadtbibliothek","Cent. VII 21",https://online-service.nuernberg.de/viewer/api/v1/records/07116262/manifest/
16186,"Nuremberg, Stadtbibliothek, Cent. VII 25",42,"Nuremberg, Stadtbibliothek","Nuremberg, Stadtbibliothek","Cent. VII 25",https://online-service.nuernberg.de/viewer/api/v1/records/07117116/manifest/
16187,"Nuremberg, Stadtbibliothek, Cent. VII 29",42,"Nuremberg, Stadtbibliothek","Nuremberg, Stadtbibliothek","Cent. VII 29",https://online-service.nuernberg.de/viewer/api/v1/records/07117132/manifest/
16188,"Nuremberg, Stadtbibliothek, Cent. VII 31",42,"Nuremberg, Stadtbibliothek","Nuremberg, Stadtbibliothek","Cent. VII 31",https://online-service.nuernberg.de/viewer/api/v1/records/07117135/manifest/
16189,"Nuremberg, Stadtbibliothek, Cent. VII 34",42,"Nuremberg, Stadtbibliothek","Nuremberg, Stadtbibliothek","Cent. VII 34",https://online-service.nuernberg.de/viewer/api/v1/records/07117141/manifest/
16190,"Nuremberg, Stadtbibliothek, Cent. VII 35",42,"Nuremberg, Stadtbibliothek","Nuremberg, Stadtbibliothek","Cent. VII 35",https://online-service.nuernberg.de/viewer/api/v1/records/07116743/manifest/
16192,"Nuremberg, Stadtbibliothek, Cent. VII 39",42,"Nuremberg, Stadtbibliothek","Nuremberg, Stadtbibliothek","Cent. VII 39",https://online-service.nuernberg.de/viewer/api/v1/records/07119216/manifest/
16194,"Nuremberg, Stadtbibliothek, Cent. VII 45",42,"Nuremberg, Stadtbibliothek","Nuremberg, Stadtbibliothek","Cent. VII 45",https://online-service.nuernberg.de/viewer/api/v1/records/07119219/manifest/
16195,"Nuremberg, Stadtbibliothek, Cent. VII 49",42,"Nuremberg, Stadtbibliothek","Nuremberg, Stadtbibliothek","Cent. VII 49",https://online-service.nuernberg.de/viewer/api/v1/records/07119288/manifest/
16196,"Nuremberg, Stadtbibliothek, Cent. VII 50",42,"Nuremberg, Stadtbibliothek","Nuremberg, Stadtbibliothek","Cent. VII 50",https://online-service.nuernberg.de/viewer/api/v1/records/07119293/manifest/
16197,"Nuremberg, Stadtbibliothek, Cent. VII 56",42,"Nuremberg, Stadtbibliothek","Nuremberg, Stadtbibliothek","Cent. VII 56",https://online-service.nuernberg.de/viewer/api/v1/records/07119333/manifest/
16198,"Nuremberg, Stadtbibliothek, Cent. VII 57",42,"Nuremberg, Stadtbibliothek","Nuremberg, Stadtbibliothek","Cent. VII 57",https://online-service.nuernberg.de/viewer/api/v1/records/07130351/manifest/
16199,"Nuremberg, Stadtbibliothek, Cent. VII 59",42,"Nuremberg, Stadtbibliothek","Nuremberg, Stadtbibliothek","Cent. VII 59",https://online-service.nuernberg.de/viewer/api/v1/records/07140734/manifest/
16200,"Nuremberg, Stadtbibliothek, Cent. VII 62",42,"Nuremberg, Stadtbibliothek","Nuremberg, Stadtbibliothek","Cent. VII 62",https://online-service.nuernberg.de/viewer/api/v1/records/07141054/manifest/
16201,"Nuremberg, Stadtbibliothek, Cent. VII 65",42,"Nuremberg, Stadtbibliothek","Nuremberg, Stadtbibliothek","Cent. VII 65",https://online-service.nuernberg.de/viewer/api/v1/records/07081276/manifest/
16203,"Nuremberg, Stadtbibliothek, Cent. VII 67",42,"Nuremberg, Stadtbibliothek","Nuremberg, Stadtbibliothek","Cent. VII 67",https://online-service.nuernberg.de/viewer/api/v1/records/07081282/manifest/
16204,"Nuremberg, Stadtbibliothek, Cent. VII 74",42,"Nuremberg, Stadtbibliothek","Nuremberg, Stadtbibliothek","Cent. VII 74",https://online-service.nuernberg.de/viewer/api/v1/records/07119642/manifest/
16205,"Nuremberg, Stadtbibliothek, Cent. VII 75",42,"Nuremberg, Stadtbibliothek","Nuremberg, Stadtbibliothek","Cent. VII 75",https://online-service.nuernberg.de/viewer/api/v1/records/07121271/manifest/
16206,"Nuremberg, Stadtbibliothek, Cent. VII 76",42,"Nuremberg, Stadtbibliothek","Nuremberg, Stadtbibliothek","Cent. VII 76",https://online-service.nuernberg.de/viewer/api/v1/records/07121277/manifest/
16207,"Nuremberg, Stadtbibliothek, Cent. VII 78",42,"Nuremberg, Stadtbibliothek","Nuremberg, Stadtbibliothek","Cent. VII 78",https://online-service.nuernberg.de/viewer/api/v1/records/07101329/manifest/
16208,"Nuremberg, Stadtbibliothek, Cent. VII 79",42,"Nuremberg, Stadtbibliothek","Nuremberg, Stadtbibliothek","Cent. VII 79",https://online-service.nuernberg.de/viewer/api/v1/records/07118871/manifest/
16209,"Nuremberg, Stadtbibliothek, Cent. VII 88",42,"Nuremberg, Stadtbibliothek","Nuremberg, Stadtbibliothek","Cent. VII 88",https://online-service.nuernberg.de/viewer/api/v1/records/07121376/manifest/
16210,"Nuremberg, Stadtbibliothek, Cent. VII 89",42,"Nuremberg, Stadtbibliothek","Nuremberg, Stadtbibliothek","Cent. VII 89",https://online-service.nuernberg.de/viewer/api/v1/records/07121377/manifest/
16211,"Nuremberg, Stadtbibliothek, Cent. VII 9",42,"Nuremberg, Stadtbibliothek","Nuremberg, Stadtbibliothek","Cent. VII 9",https://online-service.nuernberg.de/viewer/api/v1/records/07117063/manifest/
16212,"Nuremberg, Stadtbibliothek, Cent. VII 91",42,"Nuremberg, Stadtbibliothek","Nuremberg, Stadtbibliothek","Cent. VII 91",https://online-service.nuernberg.de/viewer/api/v1/records/07121886/manifest/
16214,"Nuremberg, Stadtbibliothek, Cent. VII 92",42,"Nuremberg, Stadtbibliothek","Nuremberg, Stadtbibliothek","Cent. VII 92",https://online-service.nuernberg.de/viewer/api/v1/records/07094468/manifest/
16215,"Nuremberg, Stadtbibliothek, Cent. VII 93",42,"Nuremberg, Stadtbibliothek","Nuremberg, Stadtbibliothek","Cent. VII 93",https://online-service.nuernberg.de/viewer/api/v1/records/07121887/manifest/
16216,"Nuremberg, Stadtbibliothek, Will. VII, 1447. 8o",42,"Nuremberg, Stadtbibliothek","Nuremberg, Stadtbibliothek","Will. VII, 1447. 8o",https://online-service.nuernberg.de/viewer/api/v1/records/07081592/manifest/
16217,"Nuremberg, Stadtbibliothek, Will.II, 19. 8o",42,"Nuremberg, Stadtbibliothek","Nuremberg, Stadtbibliothek","Will.II, 19. 8o",https://online-service.nuernberg.de/viewer/api/v1/records/07081480/manifest/
16221,"Oxford, Bodleian Library, Bodl. 451",44,"Oxford, Bodleian Library","Oxford, Bodleian Library","Bodl. 451",https://iiif.bodleian.ox.ac.uk/iiif/manifest/5dbb4f95-5c18-4cef-aa52-74b0a1651e86.json
16223,"Oxford, Bodleian Library, Bodl. 62",44,"Oxford, Bodleian Library","Oxford, Bodleian Library","Bodl. 62",https://iiif.bodleian.ox.ac.uk/iiif/manifest/a887b0d0-f435-4a76-8d0b-10b5aa1797ae.json
16227,"Oxford, Bodleian Library, Canonici Or. 89",44,"Oxford, Bodleian Library","Oxford, Bodleian Library","Canonici Or. 89",https://iiif.bodleian.ox.ac.uk/iiif/manifest/40fda6eb-3be4-431a-821d-f5cd93fcbdeb.json
16229,"Oxford, Bodleian Library, Don. e. 248",44,"Oxford, Bodleian Library","Oxford, Bodleian Library","Don. e. 248",https://iiif.bodleian.ox.ac.uk/iiif/manifest/b9cb9cfe-6eb4-47ac-aad1-c905379f6af7.json
16230,"Oxford, Bodleian Library, Douce 176",44,"Oxford, Bodleian Library","Oxford, Bodleian Library","Douce 176",https://iiif.bodleian.ox.ac.uk/iiif/manifest/e3408f3e-42e5-48ea-88fa-3f4da7765ecf.json
16231,"Oxford, Bodleian Library, Douce f.1",44,"Oxford, Bodleian Library","Oxford, Bodleian Library","Douce f.1",https://iiif.bodleian.ox.ac.uk/iiif/manifest/e6459d53-af86-486c-84e2-137e1f179f87.json
16234,"Oxford, Bodleian Library, Laud misc 126",44,"Oxford, Bodleian Library","Oxford, Bodleian Library","Laud misc 126",https://iiif.bodleian.ox.ac.uk/iiif/manifest/9fed4442-f4b6-439d-b359-41df38d9c9d4.json
16236,"Oxford, Bodleian Library, Laud Misc 485",44,"Oxford, Bodleian Library","Oxford, Bodleian Library","Laud Misc 485",https://iiif.bodleian.ox.ac.uk/iiif/manifest/46260520-2a40-41a0-90e6-239113ab8902.json
16237,"Oxford, Bodleian Library, Laud Misc. 415",44,"Oxford, Bodleian Library","Oxford, Bodleian Library","Laud Misc. 415",https://iiif.bodleian.ox.ac.uk/iiif/manifest/28d16887-31cc-4f89-9562-59e26a1dbfda.json
16239,"Oxford, Bodleian Library, Rawl. C. 86",44,"Oxford, Bodleian Library","Oxford, Bodleian Library","Rawl. C. 86",https://iiif.bodleian.ox.ac.uk/iiif/manifest/de729c5e-1a4e-40ad-b23b-186ebba1a92c.json
16244,"Paris, Bibliothèque de l'Arsenal, Ms. 1189",50,"Paris, Bibliothèque de l'Arsenal","Paris, Bibliothèque de l'Arsenal","Ms. 1189",https://gallica.bnf.fr/iiif/ark:/12148/btv1b52520423n/manifest.json
16247,"Paris, Bibliothèque de l'Arsenal, Ms. 424",50,"Paris, Bibliothèque de l'Arsenal","Paris, Bibliothèque de l'Arsenal","Ms. 424",https://gallica.bnf.fr/iiif/ark:/12148/btv1b550131995/manifest.json
16251,"Paris, Bibliothèque de l'Arsenal, Ms. 8228",50,"Paris, Bibliothèque de l'Arsenal","Paris, Bibliothèque de l'Arsenal","Ms. 8228",https://gallica.bnf.fr/iiif/ark:/12148/btv1b52504135k/manifest.json
16252,"Paris, Bibliothèque Mazarine, Ms. 390",51,"Paris, Bibliothèque Mazarine","Paris, Bibliothèque Mazarine","Ms. 390",https://bibnum.institutdefrance.fr/iiif/1851/manifest
16253,"Paris, Bibliothèque Mazarine, Ms. 432",51,"Paris, Bibliothèque Mazarine","Paris, Bibliothèque Mazarine","Ms. 432",https://bibnum.institutdefrance.fr/iiif/1853/manifest
16255,"Paris, Bibliothèque nationale de France, Français 1176",52,"Paris, Bibliothèque nationale de France","Paris, Bibliothèque nationale de France","Français 1176",https://gallica.bnf.fr/iiif/ark:/12148/btv1b8448970d/manifest.json
16256,"Paris, Bibliothèque nationale de France, Français 1533",52,"Paris, Bibliothèque nationale de France","Paris, Bibliothèque nationale de France","Français 1533",https://gallica.bnf.fr/iiif/ark:/12148/btv1b9009683f/manifest.json
16258,"Paris, Bibliothèque nationale de France, Français 24786",52,"Paris, Bibliothèque nationale de France","Paris, Bibliothèque nationale de France","Français 24786",https://gallica.bnf.fr/iiif/ark:/12148/btv1b84514642/manifest.json
16259,"Paris, Bibliothèque nationale de France, Français 24864",52,"Paris, Bibliothèque nationale de France","Paris, Bibliothèque nationale de France","Français 24864",https://gallica.bnf.fr/iiif/ark:/12148/btv1b8451465g/manifest.json
16260,"Paris, Bibliothèque nationale de France, Français 342",52,"Paris, Bibliothèque nationale de France","Paris, Bibliothèque nationale de France","Français 342",https://gallica.bnf.fr/iiif/ark:/12148/btv1b100336071/manifest.json
16261,"Paris, Bibliothèque nationale de France, Français 580",52,"Paris, Bibliothèque nationale de France","Paris, Bibliothèque nationale de France","Français 580",https://gallica.bnf.fr/iiif/ark:/12148/btv1b8448967x/manifest.json
16262,"Paris, Bibliothèque nationale de France, Français 817",52,"Paris, Bibliothèque nationale de France","Paris, Bibliothèque nationale de France","Français 817",https://gallica.bnf.fr/iiif/ark:/12148/btv1b9059139p/manifest.json
16263,"Paris, Bibliothèque nationale de France, Français 835",52,"Paris, Bibliothèque nationale de France","Paris, Bibliothèque nationale de France","Français 835",https://gallica.bnf.fr/iiif/ark:/12148/btv1b8449047c/manifest.json
16264,"Paris, Bibliothèque nationale de France, Latin 10399",52,"Paris, Bibliothèque nationale de France","Paris, Bibliothèque nationale de France","Latin 10399",https://gallica.bnf.fr/iiif/ark:/12148/btv1b52513593n/manifest.json
16265,"Paris, Bibliothèque nationale de France, Latin 10400",52,"Paris, Bibliothèque nationale de France","Paris, Bibliothèque nationale de France","Latin 10400",https://gallica.bnf.fr/iiif/ark:/12148/btv1b52513595j/manifest.json
16267,"Paris, Bibliothèque nationale de France, Latin 12207",52,"Paris, Bibliothèque nationale de France","Paris, Bibliothèque nationale de France","Latin 12207",https://gallica.bnf.fr/iiif/ark:/12148/btv1b10038925t/manifest.json
16268,"Berlin, Staatsbibliothek, Germ. f.88",115,"Berlin, Staatsbibliothek","Berlin, Staatsbibliothek","Germ. f.88",https://content.staatsbibliothek-berlin.de/dc/776835971/manifest
16269,"Paris, Bibliothèque nationale de France, Latin 12238",52,"Paris, Bibliothèque nationale de France","Paris, Bibliothèque nationale de France","Latin 12238",https://gallica.bnf.fr/iiif/ark:/12148/btv1b9066805n/manifest.json
16270,"Paris, Bibliothèque nationale de France, Latin 12240",52,"Paris, Bibliothèque nationale de France","Paris, Bibliothèque nationale de France","Latin 12240",https://gallica.bnf.fr/iiif/ark:/12148/btv1b107208973/manifest.json
16271,"Paris, Bibliothèque nationale de France, Latin 12241",52,"Paris, Bibliothèque nationale de France","Paris, Bibliothèque nationale de France","Latin 12241",https://gallica.bnf.fr/iiif/ark:/12148/btv1b10720964w/manifest.json
16272,"Paris, Bibliothèque nationale de France, Latin 12243",52,"Paris, Bibliothèque nationale de France","Paris, Bibliothèque nationale de France","Latin 12243",https://gallica.bnf.fr/iiif/ark:/12148/btv1b90779453/manifest.json
16273,"Paris, Bibliothèque nationale de France, Latin 12949",52,"Paris, Bibliothèque nationale de France","Paris, Bibliothèque nationale de France","Latin 12949",https://gallica.bnf.fr/iiif/ark:/12148/btv1b10542356v/manifest.json
16274,"Paris, Bibliothèque nationale de France, Latin 1564",52,"Paris, Bibliothèque nationale de France","Paris, Bibliothèque nationale de France","Latin 1564",https://gallica.bnf.fr/iiif/ark:/12148/btv1b9066891d/manifest.json
16277,"Paris, Bibliothèque nationale de France, Latin 17654",52,"Paris, Bibliothèque nationale de France","Paris, Bibliothèque nationale de France","Latin 17654",https://gallica.bnf.fr/iiif/ark:/12148/btv1b85624088/manifest.json
16279,"Paris, Bibliothèque nationale de France, Latin 2110",52,"Paris, Bibliothèque nationale de France","Paris, Bibliothèque nationale de France","Latin 2110",https://gallica.bnf.fr/iiif/ark:/12148/btv1b550134747/manifest.json
16280,"Paris, Bibliothèque nationale de France, Latin 2706",52,"Paris, Bibliothèque nationale de France","Paris, Bibliothèque nationale de France","Latin 2706",https://gallica.bnf.fr/iiif/ark:/12148/btv1b10033740x/manifest.json
16281,"Paris, Bibliothèque nationale de France, Latin 4808",52,"Paris, Bibliothèque nationale de France","Paris, Bibliothèque nationale de France","Latin 4808",https://gallica.bnf.fr/iiif/ark:/12148/btv1b10546166w/manifest.json
16282,"Paris, Bibliothèque nationale de France, Latin 6413",52,"Paris, Bibliothèque nationale de France","Paris, Bibliothèque nationale de France","Latin 6413",https://gallica.bnf.fr/iiif/ark:/12148/btv1b10527898d/manifest.json
16283,"Paris, Bibliothèque nationale de France, Latin 7193",52,"Paris, Bibliothèque nationale de France","Paris, Bibliothèque nationale de France","Latin 7193",https://gallica.bnf.fr/iiif/ark:/12148/btv1b105470427/manifest.json
16284,"Paris, Bibliothèque nationale de France, Latin 7560",52,"Paris, Bibliothèque nationale de France","Paris, Bibliothèque nationale de France","Latin 7560",https://gallica.bnf.fr/iiif/ark:/12148/btv1b9066492f/manifest.json
16285,"Paris, Bibliothèque nationale de France, NAL 348",52,"Paris, Bibliothèque nationale de France","Paris, Bibliothèque nationale de France","NAL 348",https://gallica.bnf.fr/iiif/ark:/12148/btv1b100351800/manifest.json
16286,"Paris, Bibliothèque nationale de France, NAL 667",52,"Paris, Bibliothèque nationale de France","Paris, Bibliothèque nationale de France","NAL 667",https://gallica.bnf.fr/iiif/ark:/12148/btv1b10036785v/manifest.json
16287,"Paris, Bibliothèque nationale de France, NAL 772",52,"Paris, Bibliothèque nationale de France","Paris, Bibliothèque nationale de France","NAL 772",https://gallica.bnf.fr/iiif/ark:/12148/btv1b10029569s/manifest.json
16304,"Perugia, Biblioteca Comunale, 1087",57,"Perugia, Biblioteca Comunale","Perugia, Biblioteca Comunale",1087,https://jmms.iccu.sbn.it/jmms/metadata/VFdGblZHVmpZU0F0SUVsRFExVV8_/b2FpOnd3dy5pbnRlcm5ldGN1bHR1cmFsZS5zYm4uaXQvVGVjYToyMDpOVDAwMDA6TjpDTk1EMDAwMDA0ODY4MA__/manifest.json
16309,"Perugia, Biblioteca Comunale, 1106",57,"Perugia, Biblioteca Comunale","Perugia, Biblioteca Comunale",1106,https://jmms.iccu.sbn.it/jmms/metadata/VFdGblZHVmpZU0F0SUVsRFExVV8_/b2FpOnd3dy5pbnRlcm5ldGN1bHR1cmFsZS5zYm4uaXQvVGVjYToyMDpOVDAwMDA6TjpDTk1EMDAwMDA0ODQyMw__/manifest.json
16311,"Perugia, Biblioteca Comunale, 1176",57,"Perugia, Biblioteca Comunale","Perugia, Biblioteca Comunale",1176,https://jmms.iccu.sbn.it/jmms/metadata/VFdGblZHVmpZU0F0SUVsRFExVV8_/b2FpOnd3dy5pbnRlcm5ldGN1bHR1cmFsZS5zYm4uaXQvVGVjYToyMDpOVDAwMDA6TjpDTk1EMDAwMDA0ODY4Mg__/manifest.json
16316,"Philadelphia, University of Pennsylvania, Ms.ex 655",60,"Philadelphia, University of Pennsylvania","Philadelphia, University of Pennsylvania","Ms.ex 655",https://colenda.library.upenn.edu/items/ark:/81431/p3dv57/manifest
16317,"Philadelphia, University of Pennsylvania, Oversize Ms. Codex 255",60,"Philadelphia, University of Pennsylvania","Philadelphia, University of Pennsylvania","Oversize Ms. Codex 255",https://colenda.library.upenn.edu/items/ark:/81431/p3td9n90w/manifest
16319,"Porrentruy, Bibliothèque cantonale jurasienne, Ms. 29",24112,"Porrentruy, Bibliothèque cantonale jurasienne","Porrentruy, Bibliothèque cantonale jurasienne","Ms. 29",https://www.e-codices.ch/metadata/iiif/bcj-0029/manifest.json
16322,"Prague, National Library of the Czech Republic, Ms. XVI.F.1",63,"Prague, National Library of the Czech Republic","Prague, National Library of the Czech Republic","Ms. XVI.F.1",https://collectiones.manuscriptorium.com/assorted/AIPDIG/NKCR__/4/AIPDIG-NKCR__XVI_F_1_____3L2U0H4-cs/?lang=cs
16325,"Prague, National Library of the Czech Republic, Ms. XVI.G.26",63,"Prague, National Library of the Czech Republic","Prague, National Library of the Czech Republic","Ms. XVI.G.26",https://collectiones.manuscriptorium.com/assorted/AIPDIG/NKCR__/8/AIPDIG-NKCR__XVI_G_26____2KJMO98-cs/?lang=cs
16326,"Prague, National Library of the Czech Republic, Ms. XVI.G.34",63,"Prague, National Library of the Czech Republic","Prague, National Library of the Czech Republic","Ms. XVI.G.34",https://collectiones.manuscriptorium.com/assorted/AIPDIG/NKCR__/5/AIPDIG-NKCR__XVI_G_34____1PWI335-cs/?lang=cs
16330,"Prague, National Library of the Czech Republic, Ms. XVI.F.73",63,"Prague, National Library of the Czech Republic","Prague, National Library of the Czech Republic","Ms. XVI.F.73",https://collectiones.manuscriptorium.com/assorted/AIPDIG/NKCR__/7/AIPDIG-NKCR__XVI_F_73____0KZDO37-cs/?lang=cs
16333,"Prague, National Museum, Ms. X A 12",64,"Prague, National Museum","Prague, National Museum","Ms. X A 12",https://collectiones.manuscriptorium.com/assorted/AIPDIG/NMP___/5/AIPDIG-NMP___X_A_12______3XBZGT5-cs/?lang=cs
16335,"Prague, National Museum, Ms. XIII C 20",64,"Prague, National Museum","Prague, National Museum","Ms. XIII C 20",https://collectiones.manuscriptorium.com/assorted/KNM___/NMP___/1/KNM___-NMP___XIII_C_20___24U1WL1-en/
16355,"Rome, Biblioteca Nazionale Centrale, Vittorio Emanuele 1335",69,"Rome, Biblioteca Nazionale Centrale","Rome, Biblioteca Nazionale Centrale","Vittorio Emanuele 1335",https://public-api-collaudo.prod.os01.ocp.cineca.it/api/v1/apipublic/resource/3216EDCC58644C539C18DA75A04C66BF/manifest/749EEC58A03E44B1820E625EE71DE2A0
16409,"Solothurn, Zentralbibliothek, Ms. S 458",24123,"Solothurn, Zentralbibliothek","Solothurn, Zentralbibliothek","Ms. S 458",https://www.e-codices.unifr.ch/metadata/iiif/zbs-S-0458/manifest.json
16414,"Saint-Gall. Stiftsbibliothek, Ms. 499",29133,"Saint-Gall. Stiftsbibliothek","Saint-Gall. Stiftsbibliothek","Ms. 499",https://www.e-codices.unifr.ch/metadata/iiif/csg-0499/manifest.json
16416,"Saint-Gall. Stiftsbibliothek, Ms. Sang. 1066",29133,"Saint-Gall. Stiftsbibliothek","Saint-Gall. Stiftsbibliothek","Ms. Sang. 1066",https://www.e-codices.unifr.ch/metadata/iiif/csg-1066/manifest.json
16417,"Saint-Gall. Stiftsbibliothek, Ms. Sang. 1869",29133,"Saint-Gall. Stiftsbibliothek","Saint-Gall. Stiftsbibliothek","Ms. Sang. 1869",https://www.e-codices.unifr.ch/metadata/iiif/csg-1869/manifest.json
16418,"Saint-Gall. Stiftsbibliothek, Ms. Sang. 1916",29133,"Saint-Gall. Stiftsbibliothek","Saint-Gall. Stiftsbibliothek","Ms. Sang. 1916",https://www.e-codices.unifr.ch/metadata/iiif/csg-1916/manifest.json
16419,"Saint-Gall. Stiftsbibliothek, Ms. Sang. 363",29133,"Saint-Gall. Stiftsbibliothek","Saint-Gall. Stiftsbibliothek","Ms. Sang. 363",https://www.e-codices.unifr.ch/metadata/iiif/csg-0363/manifest.json
16420,"Saint-Gall. Stiftsbibliothek, Ms. Sang. 406",29133,"Saint-Gall. Stiftsbibliothek","Saint-Gall. Stiftsbibliothek","Ms. Sang. 406",https://www.e-codices.unifr.ch/metadata/iiif/csg-0406/manifest.json
16421,"Saint-Gall. Stiftsbibliothek, Ms. Sang. 479",29133,"Saint-Gall. Stiftsbibliothek","Saint-Gall. Stiftsbibliothek","Ms. Sang. 479",https://www.e-codices.unifr.ch/metadata/iiif/csg-0479/manifest.json
16423,"Saint-Gall. Stiftsbibliothek, Ms. Sang. 491",29133,"Saint-Gall. Stiftsbibliothek","Saint-Gall. Stiftsbibliothek","Ms. Sang. 491",https://www.e-codices.unifr.ch/metadata/iiif/csg-0491/manifest.json
16424,"Saint-Gall. Stiftsbibliothek, Ms. Sang. 603",29133,"Saint-Gall. Stiftsbibliothek","Saint-Gall. Stiftsbibliothek","Ms. Sang. 603",https://www.e-codices.unifr.ch/metadata/iiif/csg-0603/manifest.json
16425,"Saint-Gall. Stiftsbibliothek, Ms. Sang. 983",29133,"Saint-Gall. Stiftsbibliothek","Saint-Gall. Stiftsbibliothek","Ms. Sang. 983",https://www.e-codices.unifr.ch/metadata/iiif/csg-0983/manifest.json
16426,"Saint-Gall. Stiftsbibliothek, Ms. Sang. 990",29133,"Saint-Gall. Stiftsbibliothek","Saint-Gall. Stiftsbibliothek","Ms. Sang. 990",https://www.e-codices.unifr.ch/metadata/iiif/csg-0990/manifest.json
16427,"Saint-Gall. Stiftsbibliothek, Ms. Sang. 991",29133,"Saint-Gall. Stiftsbibliothek","Saint-Gall. Stiftsbibliothek","Ms. Sang. 991",https://www.e-codices.unifr.ch/metadata/iiif/csg-0991/manifest.json
16431,"Saint-Gall. Stiftsbibliothek, Ms. Sang. 934",29133,"Saint-Gall. Stiftsbibliothek","Saint-Gall. Stiftsbibliothek","Ms. Sang. 934",https://www.e-codices.unifr.ch/metadata/iiif/csg-0934/manifest.json
16432,"Stockholm, Kungliga Biblioteket, A 172",80,"Stockholm, Kungliga Biblioteket","Stockholm, Kungliga Biblioteket","A 172",https://www.manuscripta.se/iiif/101154/manifest.json
16436,"Stockholm, Kungliga Biblioteket, A 3",80,"Stockholm, Kungliga Biblioteket","Stockholm, Kungliga Biblioteket","A 3",https://www.manuscripta.se/iiif/100203/manifest.json
16439,"Stockholm, Kungliga Biblioteket, A 82a",80,"Stockholm, Kungliga Biblioteket","Stockholm, Kungliga Biblioteket","A 82a",https://www.manuscripta.se/iiif/100237/manifest.json
16447,"Strasbourg, Bibliothèque du Grand Séminaire, Ms. 37",81,"Strasbourg, Bibliothèque du Grand Séminaire","Strasbourg, Bibliothèque du Grand Séminaire","Ms. 37",https://iiif.biblissima.fr/collections/manifest/e77ff407cad1a2d330f795e52ad625e07cd560f3
16448,"Strasbourg, Bibliothèque universitaire, Ms. 1.989",82,"Strasbourg, Bibliothèque universitaire","Strasbourg, Bibliothèque universitaire","Ms. 1.989",https://api.irht.cnrs.fr/ark:/63955/fr0l0ekg4ofu/manifest.json
16451,"Strasbourg, Bibliothèque universitaire, Ms. 2.930",82,"Strasbourg, Bibliothèque universitaire","Strasbourg, Bibliothèque universitaire","Ms. 2.930",https://api.irht.cnrs.fr/ark:/63955/fjsqy6us141v/manifest.json
16452,"Strasbourg, Bibliothèque universitaire, Ms. 306",82,"Strasbourg, Bibliothèque universitaire","Strasbourg, Bibliothèque universitaire","Ms. 306",https://bvmm.irht.cnrs.fr/iiif/16993/manifest
28818,"Stockholm, Kungliga Biblioteket, A 80",80,"Stockholm, Kungliga Biblioteket","Stockholm, Kungliga Biblioteket","A 80",https://www.manuscripta.se/iiif/100234/manifest.json
28830,"Stockholm, Kungliga Biblioteket, A 1",80,"Stockholm, Kungliga Biblioteket","Stockholm, Kungliga Biblioteket","A 1",https://www.manuscripta.se/iiif/100201/manifest.json
28831,"Stockholm, Kungliga Biblioteket, A 9",80,"Stockholm, Kungliga Biblioteket","Stockholm, Kungliga Biblioteket","A 9",https://www.manuscripta.se/iiif/100209/manifest.json
28832,"Stockholm, Kungliga Biblioteket, A 38",80,"Stockholm, Kungliga Biblioteket","Stockholm, Kungliga Biblioteket","A 38",https://www.manuscripta.se/iiif/100222/manifest.json
28834,"Stockholm, Kungliga Biblioteket, A 43",80,"Stockholm, Kungliga Biblioteket","Stockholm, Kungliga Biblioteket","A 43",https://www.manuscripta.se/iiif/100223/manifest.json
28835,"Stockholm, Kungliga Biblioteket, C 12",80,"Stockholm, Kungliga Biblioteket","Stockholm, Kungliga Biblioteket","C 12",https://www.manuscripta.se/iiif/100406/manifest.json
28879,"Stockholm, Kungliga Biblioteket, A 12",80,"Stockholm, Kungliga Biblioteket","Stockholm, Kungliga Biblioteket","A 12",https://www.manuscripta.se/iiif/100211/manifest.json
29073,"Paris, Bibliothèque nationale de France, français 54",52,"Paris, Bibliothèque nationale de France","Paris, Bibliothèque nationale de France","français 54",https://gallica.bnf.fr/iiif/ark:/12148/btv1b105470461/manifest.json
29105,"Leiden, Universiteitsbibliotheek, BPL 2541",193,"Leiden, Universiteitsbibliotheek","Leiden, Universiteitsbibliotheek","BPL 2541",https://digitalcollections.universiteitleiden.nl/iiif_manifest/item:1525817/manifest
29111,"Heidelberg, Universitätsbibliothek, Cod. Pal. germ. 587",184,"Heidelberg, Universitätsbibliothek","Heidelberg, Universitätsbibliothek","Cod. Pal. germ. 587",https://digi.ub.uni-heidelberg.de/diglit/iiif/cpg587/manifest
29116,"Heidelberg, Universitätsbibliothek, Cod. Pal. germ. 624",184,"Heidelberg, Universitätsbibliothek","Heidelberg, Universitätsbibliothek","Cod. Pal. germ. 624",https://digi.ub.uni-heidelberg.de/diglit/iiif/cpg624/manifest
29121,"Heidelberg, Universitätsbibliothek, Cod. Pal. germ. 625",184,"Heidelberg, Universitätsbibliothek","Heidelberg, Universitätsbibliothek","Cod. Pal. germ. 625",https://digi.ub.uni-heidelberg.de/diglit/iiif/cpg625/manifest
29132,"Saint-Gall. Stiftsbibliothek, Cod. Sang. 263",29133,"Saint-Gall. Stiftsbibliothek","Saint-Gall. Stiftsbibliothek","Cod. Sang. 263",https://www.e-codices.unifr.ch/metadata/iiif/csg-0263/manifest.json
29157,"Leiden, Universiteitsbibliotheek, BPL 101",193,"Leiden, Universiteitsbibliotheek","Leiden, Universiteitsbibliotheek","BPL 101",https://digitalcollections.universiteitleiden.nl/iiif_manifest/item:1606999/manifest
29163,"Saint-Omer. Bibliothèque d'agglomération, Ms. 414",29164,"Saint-Omer. Bibliothèque d'agglomération","Saint-Omer. Bibliothèque d'agglomération","Ms. 414",https://api.irht.cnrs.fr/ark:/63955/frjndzh7843m/manifest.json
29177,"Leiden, Universiteitsbibliotheek, Letterk. 235",193,"Leiden, Universiteitsbibliotheek","Leiden, Universiteitsbibliotheek","Letterk. 235",https://digitalcollections.universiteitleiden.nl/iiif_manifest/item:3457728/manifest
29184,"Lisbon, Biblioteca Nacional de Portugal, COD. 10973",18150,"Lisbon, Biblioteca Nacional de Portugal","Lisbon, Biblioteca Nacional de Portugal","COD. 10973",https://permalinkbnd.bnportugal.gov.pt/iiif/25650/manifest
29202,"Bruges. Library of the Grand Seminary, Ms. 197/122",29203,"Bruges. Library of the Grand Seminary","Bruges. Library of the Grand Seminary","Ms. 197/122",https://sharedcanvas.be/IIIF/manifests/B_GS_MS197-122
29209,"Darmstadt, Hessische Landes- und Hochschulbibliothek, Hs. 1827",141,"Darmstadt, Hessische Landes- und Hochschulbibliothek","Darmstadt, Hessische Landes- und Hochschulbibliothek","Hs. 1827",https://iiifserv.ulb.tu-darmstadt.de/iiif/Hs-1827.json
29216,"Leiden, Universiteitsbibliotheek, BPL 3516",193,"Leiden, Universiteitsbibliotheek","Leiden, Universiteitsbibliotheek","BPL 3516",https://digitalcollections.universiteitleiden.nl/iiif_manifest/item:1612308/manifest
29222,"Leiden, Universiteitsbibliotheek, BPL 2795",193,"Leiden, Universiteitsbibliotheek","Leiden, Universiteitsbibliotheek","BPL 2795",https://digitalcollections.universiteitleiden.nl/iiif_manifest/item:1671906/manifest
29358,"Stockholm, Kungliga Biblioteket, A 81",80,"Stockholm, Kungliga Biblioteket","Stockholm, Kungliga Biblioteket","A 81",https://www.manuscripta.se/iiif/100235/manifest.json
31802,"Colmar, Bibliothèque des Dominicains, Ms. 495",22343,"Colmar, Bibliothèque des Dominicains","Colmar, Bibliothèque des Dominicains","Ms. 495",https://api.irht.cnrs.fr/ark:/63955/f93p17dz2p79/manifest.json
32195,"Göttingen University Library, 8° Cod. Ms. theol. 241a",174,"Göttingen University Library","Göttingen University Library","8° Cod. Ms. theol. 241a",https://manifests.sub.uni-goettingen.de/iiif/presentation/DE-611-HS-3800089/manifest?version=7a696723
32426,"Munich, Bayerische Staatsbibliothek, Cgm 5243",33,"Munich, Bayerische Staatsbibliothek","Munich, Bayerische Staatsbibliothek","Cgm 5243",https://api.digitale-sammlungen.de/iiif/presentation/v2/bsb00034593/manifest
32821,"Deventer, Athenaeumbibliotheek, 101 F 16 KL",142,"Deventer, Athenaeumbibliotheek","Deventer, Athenaeumbibliotheek","101 F 16 KL",https://access.ecodices.nl/iiif/presentation/ABD_101_D_13_KL/manifest?manifest=https://access.ecodices.nl/iiif/presentation/ABD_101_D_13_KL/manifest|https://athenaeumcollecties.nl/middeleeuwse-handschriften-tot-1601/manifest/0bcaccd2-3487-11e6-9a30-33a059a687af
33091,"Paris, Bibliothèque nationale de France, NAF 4792",52,"Paris, Bibliothèque nationale de France","Paris, Bibliothèque nationale de France","NAF 4792",https://gallica.bnf.fr/iiif/ark:/12148/btv1b84497130/manifest.json
33100,"Paris, Bibliothèque nationale de France, Français 5025",52,"Paris, Bibliothèque nationale de France","Paris, Bibliothèque nationale de France","Français 5025",https://gallica.bnf.fr/iiif/ark:/12148/btv1b84496995/manifest.json
33420,"Karlsruhe, Badische Landesbibliothek, Donaueschingen 425",187,"Karlsruhe, Badische Landesbibliothek","Karlsruhe, Badische Landesbibliothek","Donaueschingen 425",https://digital.blb-karlsruhe.de/i3f/v20/4421722/manifest
33999,"Vatican, Biblioteca Apostolica Vaticana, Vat. lat. 427 vol. 2",94,"Vatican, Biblioteca Apostolica Vaticana","Vatican, Biblioteca Apostolica Vaticana","Vat. lat. 427 vol. 2",https://digi.vatlib.it/iiif/MSS_Vat.lat.427.pt.2/manifest.json
35232,"Paris, Bibliothèque nationale de France, Français 1179",52,"Paris, Bibliothèque nationale de France","Paris, Bibliothèque nationale de France","Français 1179",https://gallica.bnf.fr/iiif/ark:/12148/btv1b84489742/manifest.json
35481,"Paris, Bibliothèque nationale de France, Français 12779",52,"Paris, Bibliothèque nationale de France","Paris, Bibliothèque nationale de France","Français 12779",https://gallica.bnf.fr/iiif/ark:/12148/btv1b60001038/manifest.json
35486,"Paris, Bibliothèque nationale de France, Français 1740",52,"Paris, Bibliothèque nationale de France","Paris, Bibliothèque nationale de France","Français 1740",https://gallica.bnf.fr/iiif/ark:/12148/btv1b8448968b/manifest.json
35497,"Paris, Bibliothèque nationale de France, Français 848",52,"Paris, Bibliothèque nationale de France","Paris, Bibliothèque nationale de France","Français 848",https://gallica.bnf.fr/iiif/ark:/12148/btv1b105092969/manifest.json
35552,"Chantilly, Bibliothèque et Archives du Château, Ms. 294",135,"Chantilly, Bibliothèque et Archives du Château","Chantilly, Bibliothèque et Archives du Château","Ms. 294",https://api.irht.cnrs.fr/ark:/63955/f97nsookmgs7/manifest.json
35557,"Chantilly, Bibliothèque et Archives du Château, Ms. 492",135,"Chantilly, Bibliothèque et Archives du Château","Chantilly, Bibliothèque et Archives du Château","Ms. 492",https://api.irht.cnrs.fr/ark:/63955/f5d22yhrthx5/manifest.json
35562,"Chantilly, Bibliothèque et Archives du Château, Ms. 493",135,"Chantilly, Bibliothèque et Archives du Château","Chantilly, Bibliothèque et Archives du Château","Ms. 493",https://api.irht.cnrs.fr/ark:/63955/fa3irx13fqfx/manifest.json
35567,"Vatican, Biblioteca Apostolica Vaticana, Ms. Reg. lat. 1238",94,"Vatican, Biblioteca Apostolica Vaticana","Vatican, Biblioteca Apostolica Vaticana","Ms. Reg. lat. 1238",https://digi.vatlib.it/iiif/MSS_Reg.lat.1238/manifest.json
